Date,Unemployment_Korea,PolicyRate_Korea,KOSPI,Samsung,SK_Hynix,CR5_Concentration,SOX_Index,Nasdaq100_Index,US10Y_Yield,DXY_Index,Brent_Oil,VIX_Index,Gold_Price,CR5_Company_Count
1996-01-05,1.9,5.0,856.62,,,,196.160004,565.140015,5.69,85.059998,19.5,13.58,,
1996-01-12,1.9,5.0,878.64,,,,179.770004,552.710022,5.75,85.059998,17.58,14.23,,
1996-01-19,1.9,5.0,848.07,,,,173.869995,564.640015,5.54,86.75,17.53,12.7,,
1996-01-26,1.9,5.0,867.38,,,,187.889999,577.049988,5.65,87.639999,16.7,12.0,,
1996-02-02,1.903448,5.0,881.48,,,,195.970001,601.419983,5.66,87.010002,17.05,13.23,,
1996-02-09,1.927586,5.0,881.88,,,,199.630005,623.01001,5.66,86.870003,17.23,14.63,,
1996-02-16,1.951724,5.0,878.03,,,,193.410004,619.039978,5.76,86.120003,18.2,15.37,,
1996-02-23,1.975862,5.0,876.55,,,,205.029999,642.590027,5.97,85.449997,18.85,14.78,,
1996-03-01,2.0,5.0,852.83,,,,178.759995,604.76001,5.99,86.529999,18.55,16.719999,,
1996-03-08,2.0,5.0,849.15,,,,172.710007,591.710022,6.41,86.900002,18.85,20.700001,,
1996-03-15,2.0,5.0,856.48,,,,182.830002,621.710022,6.46,86.269997,19.3,16.540001,,
1996-03-22,2.0,5.0,872.04,,,,179.070007,612.880005,6.32,86.470001,21.15,17.049999,,
1996-03-29,2.0,5.0,866.76,,,,175.990005,609.690002,6.34,86.519997,20.33,18.879999,,
1996-04-05,2.0,5.0,881.5,,,,178.259995,618.0,6.57,86.459999,20.85,16.18,,
1996-04-12,2.0,5.0,889.82,,,,180.210007,605.049988,6.52,87.529999,22.73,17.379999,,
1996-04-19,2.0,5.0,948.37,,,,193.050003,633.01001,6.53,87.480003,19.53,15.12,,
1996-04-26,2.0,5.0,964.57,,,,212.470001,666.650024,6.54,87.900002,20.05,14.75,,
1996-05-03,2.006452,5.0,965.67,,,,211.919998,661.070007,6.9,87.849998,19.38,16.700001,,
1996-05-10,2.029032,5.0,965.83,,,,204.589996,672.539978,6.75,87.919998,19.23,15.61,,
1996-05-17,2.051613,5.0,937.51,,,,212.570007,690.809998,6.65,88.239998,18.05,15.13,,
1996-05-24,2.074194,5.0,918.11,,,,197.630005,688.909973,6.65,88.830002,19.73,15.54,,
1996-05-31,2.096774,5.0,903.09,,,,205.919998,692.390015,6.85,87.779999,18.1,16.07,,
1996-06-07,2.08,5.0,907.83,,,,198.309998,691.460022,6.93,88.419998,18.4,16.1,,
1996-06-14,2.056667,5.0,862.53,,,,191.320007,681.130005,6.95,88.139999,17.83,18.639999,,
1996-06-21,2.033333,5.0,864.27,,,,176.419998,672.530029,6.96,88.300003,18.45,15.8,,
1996-06-28,2.01,5.0,823.53,,,,174.710007,677.299988,6.73,87.82,19.28,13.68,,
1996-07-05,2.012903,5.0,845.12,,,,173.850006,657.679993,7.06,88.120003,19.99,16.09,,
1996-07-12,2.035484,5.0,839.82,,,,158.669998,635.059998,6.85,88.07,19.93,17.09,,
1996-07-19,2.058065,5.0,837.39,,,,152.710007,633.049988,6.78,86.480003,19.45,17.26,,
1996-07-26,2.080645,5.0,814.03,,,,156.740005,633.390015,6.85,86.459999,18.92,17.450001,,
1996-08-02,2.096774,5.0,826.23,,,,167.479996,667.840027,6.51,86.099998,19.63,16.190001,,
1996-08-09,2.074194,5.0,832.61,,,,172.089996,678.309998,6.5,86.400002,20.05,15.77,,
1996-08-16,2.051613,5.0,814.96,,,,168.229996,672.280029,6.56,86.75,21.3,14.81,,
1996-08-23,2.029032,5.0,781.42,,,,170.639999,677.570007,6.72,86.209999,20.78,14.18,,
1996-08-30,2.006452,5.0,782.87,,,,169.460007,663.570007,6.96,86.360001,20.98,17.01,,
1996-09-06,2.016667,5.0,784.05,,,,161.889999,664.219971,6.94,86.849998,22.43,17.1,,
1996-09-13,2.04,5.0,785.19,,,,168.020004,707.859985,6.74,87.709999,23.83,15.2,,
1996-09-20,2.063333,5.0,759.35,,,,183.029999,743.419983,6.85,87.57,21.78,15.65,,
1996-09-27,2.086667,5.0,793.21,,,,189.100006,744.72998,6.68,87.839996,22.9,16.1,,
1996-10-04,2.109677,5.0,776.43,,,,185.360001,759.119995,6.48,88.120003,23.88,14.8,,
1996-10-11,2.132258,5.0,833.43,,,,195.699997,765.640015,6.55,87.949997,23.85,15.07,,
1996-10-18,2.154839,5.0,830.25,,,,196.419998,756.830017,6.5,88.389999,25.18,15.08,,
1996-10-25,2.177419,5.0,793.78,,,,188.300003,743.549988,6.54,87.629997,24.13,17.290001,,
1996-11-01,2.2,5.0,767.87,,,,188.039993,755.51001,6.38,87.18,22.3,17.889999,,
1996-11-08,2.223333,5.0,739.11,,,,207.309998,798.659973,6.29,86.629997,22.4,15.78,,
1996-11-15,2.246667,5.0,750.29,,,,216.539993,799.440002,6.19,86.699997,23.28,14.36,,
1996-11-22,2.27,5.0,731.44,,,,233.059998,818.369995,6.15,86.559998,23.86,14.92,,
1996-11-29,2.293333,5.0,733.5,,,,237.940002,834.01001,6.06,87.919998,23.17,17.139999,,
1996-12-06,2.316129,5.0,699.89,,,,243.429993,827.210022,6.26,88.480003,24.56,18.82,,
1996-12-13,2.33871,5.0,689.07,,,,246.779999,828.450012,6.33,88.720001,22.83,21.09,,
1996-12-20,2.36129,5.0,700.87,,,,243.600006,834.049988,6.35,88.669998,23.96,18.85,,
1996-12-27,2.383871,5.0,651.22,,,,244.470001,835.460022,6.3,88.760002,23.55,19.129999,,
1997-01-03,2.412903,5.0,653.79,,,,250.779999,848.169983,6.52,89.300003,24.19,19.129999,,
1997-01-10,2.458065,5.0,648.69,,,,259.950012,865.580017,6.63,89.779999,24.22,19.629999,,
1997-01-17,2.503226,5.0,701.18,,,,266.98999,883.440002,6.56,90.860001,22.87,18.629999,,
1997-01-24,2.548387,5.0,679.56,,,,270.73999,898.369995,6.64,92.120003,22.8,19.33,,
1997-01-31,2.593548,5.0,685.84,,,,288.730011,921.549988,6.53,93.040001,23.28,19.469999,,
1997-02-07,2.685714,5.0,700.22,,,,282.269989,899.840027,6.43,93.68,21.86,18.9,,
1997-02-14,2.785714,5.0,721.0,,,,287.119995,899.909973,6.28,94.910004,20.56,19.18,,
1997-02-21,2.885714,5.0,686.72,,,,275.420013,864.280029,6.36,95.040001,20.13,20.549999,,
1997-02-28,2.985714,5.0,676.53,,,,272.929993,850.460022,6.56,94.889999,19.44,21.1,,
1997-03-07,2.941935,5.0,681.22,,,,279.380005,841.030029,6.57,96.120003,19.55,19.32,,
1997-03-14,2.874194,5.0,642.08,,,,282.070007,838.97998,6.71,95.580002,19.44,19.809999,,
1997-03-21,2.806452,5.0,627.63,,,,259.070007,812.72998,6.74,95.279999,19.39,19.690001,,
1997-03-28,2.73871,5.0,652.87,,,,272.619995,818.73999,6.9,94.690002,18.53,20.5,,
1997-04-04,2.69,5.0,687.42,,,,285.929993,822.400024,6.92,95.120003,17.25,19.23,,
1997-04-11,2.666667,5.0,693.94,,,,273.079987,789.969971,6.98,96.57,17.54,19.76,,
1997-04-18,2.643333,5.0,695.67,,,,263.190002,816.429993,6.84,96.290001,17.26,18.75,,
1997-04-25,2.62,5.0,692.48,,,,263.059998,818.570007,6.94,97.040001,18.07,21.15,,
1997-05-02,2.593548,5.0,706.1,,,,302.899994,909.48999,6.68,97.040001,17.7,17.51,,
1997-05-09,2.548387,5.0,687.62,,,,315.089996,919.080017,6.67,94.900002,18.62,20.110001,,
1997-05-16,2.503226,5.0,699.53,,,,306.589996,915.289978,6.7,94.260002,19.77,21.57,,
1997-05-23,2.458065,5.0,730.53,,,,319.920013,959.080017,6.74,94.239998,20.15,18.08,,
1997-05-30,2.412903,5.0,746.36,,,,311.25,958.849976,6.67,94.849998,18.99,19.190001,,
1997-06-06,2.4,5.0,765.67,,,,300.190002,944.98999,6.51,95.519997,17.43,18.940001,,
1997-06-13,2.4,5.0,789.15,,,,294.859985,964.400024,6.43,95.790001,16.83,19.27,,
1997-06-20,2.4,5.0,770.22,,,,307.329987,981.409973,6.37,95.300003,17.09,20.200001,,
1997-06-27,2.4,5.0,738.43,,,,307.089996,963.01001,6.46,95.550003,18.0,21.219999,,
1997-07-04,2.4,5.0,781.7,,,,316.709991,986.52002,6.31,95.739998,18.18,17.82,,
1997-07-11,2.4,5.0,768.3,,,,339.859985,1015.619995,6.23,96.32,18.0,19.059999,,
1997-07-18,2.4,5.0,747.37,,,,350.859985,1070.98999,6.24,97.349998,18.21,22.280001,,
1997-07-25,2.4,5.0,733.64,,,,359.869995,1085.390015,6.18,99.129997,18.77,20.82,,
1997-08-01,2.4,5.0,731.45,,,,377.190002,1108.939941,6.2,100.419998,19.33,22.290001,,
1997-08-08,2.422581,5.0,752.01,,,,383.459991,1115.02002,6.38,99.800003,18.56,22.459999,,
1997-08-15,2.445161,5.0,755.78,,,,373.980011,1076.670044,6.27,99.339996,18.77,24.450001,,
1997-08-22,2.467742,5.0,736.62,,,,391.619995,1110.910034,6.38,99.059998,18.26,24.74,,
1997-08-29,2.490323,5.0,704.27,,,,373.200012,1074.050049,6.34,99.0,17.98,24.76,,
1997-09-05,2.486667,5.0,700.92,,,,389.269989,1111.150024,6.37,98.779999,18.15,24.309999,,
1997-09-12,2.463333,5.0,699.33,,,,375.390015,1106.069946,6.29,97.730003,18.06,25.17,,
1997-09-19,2.44,5.0,689.16,,,,382.709991,1118.680054,6.09,97.870003,18.32,22.74,,
1997-09-26,2.416667,5.0,638.26,,,,378.589996,1106.819946,6.08,97.25,19.36,22.26,,
1997-10-03,2.432258,5.0,636.65,,,,378.609985,1124.439941,6.01,97.150002,21.29,21.540001,,
1997-10-10,2.545161,5.0,609.84,,,,389.809998,1137.77002,6.15,96.660004,20.73,19.75,,
1997-10-17,2.658065,5.0,585.49,,,,347.01001,1075.119995,6.17,97.519997,19.43,21.690001,,
1997-10-24,2.770968,5.0,570.91,,,,315.420013,1057.339966,6.01,97.730003,19.45,23.17,,
1997-10-31,2.883871,5.0,470.79,,,,301.899994,1019.619995,5.84,95.639999,19.42,35.09,,
1997-11-07,2.94,5.0,515.63,,,,307.809998,1028.319946,5.9,95.169998,19.24,36.27,,
1997-11-14,2.986667,5.0,520.01,,,,293.649994,1027.849976,5.86,96.099998,20.24,33.66,,
1997-11-21,3.033333,5.0,506.07,,,,307.950012,1056.589966,5.82,96.57,18.83,26.65,,
1997-11-28,3.08,5.0,411.91,,,,290.649994,1050.51001,5.86,97.790001,18.96,27.43,,
1997-12-05,3.229032,5.0,434.12,,,,291.079987,1070.27002,5.92,98.879997,17.91,22.65,,
1997-12-12,3.454839,5.0,350.68,,,,248.179993,978.48999,5.74,98.730003,17.12,27.92,,
1997-12-19,3.680645,5.0,397.02,,,,266.920013,969.900024,5.72,98.440002,17.2,29.18,,
1997-12-26,3.906452,5.0,375.15,,,,258.839996,954.070007,5.75,98.540001,17.04,29.27,,
1998-01-02,4.129032,5.0,376.31,,,,275.029999,1008.22998,5.67,100.099998,15.77,23.42,,
1998-01-09,4.332258,5.0,414.0,,,,248.899994,956.190002,5.4,100.93,15.33,28.690001,,
1998-01-16,4.535484,5.0,488.1,,,,260.809998,1005.869995,5.54,100.919998,14.89,21.65,,
1998-01-23,4.73871,5.0,486.86,,,,271.5,1024.469971,5.7,98.440002,14.26,23.32,,
1998-01-30,4.941935,5.0,558.33,,,,289.130005,1071.130005,5.53,100.790001,15.59,21.469999,,
1998-02-06,5.142857,5.0,540.45,,,,301.809998,1134.319946,5.62,99.510002,15.05,20.51,,
1998-02-13,5.342857,5.0,506.2,,,,306.809998,1136.689941,5.49,100.120003,14.05,19.84,,
1998-02-20,5.542857,5.0,522.13,,,,314.140015,1159.72998,5.54,100.32,13.91,19.0,,
1998-02-27,5.742857,5.0,548.42,,,,316.429993,1194.130005,5.62,99.82,13.53,18.549999,,
1998-03-06,5.912903,5.0,522.55,,,,293.029999,1163.109985,5.73,100.720001,12.85,19.139999,,
1998-03-13,6.070968,5.0,536.16,,,,294.98999,1169.290039,5.58,99.870003,12.25,18.709999,,
1998-03-20,6.229032,5.0,525.95,,,,285.25,1169.430054,5.57,100.57,12.35,18.690001,,
1998-03-27,6.387097,5.0,503.08,,,,297.470001,1211.640015,5.68,100.309998,14.92,23.469999,,
1998-04-03,6.54,5.0,434.45,,,,305.529999,1233.660034,5.47,101.800003,13.63,21.82,,
1998-04-10,6.68,5.0,468.29,,,,288.309998,1196.900024,5.59,100.349998,13.23,21.51,,
1998-04-17,6.82,5.0,450.23,,,,301.179993,1231.25,5.59,99.919998,14.06,20.76,,
1998-04-24,6.96,5.0,414.56,,,,321.200012,1250.140015,5.67,99.379997,13.32,21.969999,,
1998-05-01,7.1,5.0,421.22,,,,317.01001,1251.530029,5.67,99.220001,14.6,19.34,,
1998-05-08,7.190323,5.0,373.04,,,,316.119995,1254.030029,5.71,99.050003,13.94,20.57,,
1998-05-15,7.280645,5.0,352.83,,,,292.820007,1249.48999,5.68,99.919998,14.33,20.440001,,
1998-05-22,7.370968,5.0,353.67,,,,271.570007,1214.130005,5.64,99.080002,14.33,18.99,,
1998-05-29,7.46129,5.0,336.63,,,,259.309998,1192.069946,5.56,100.449997,14.03,21.32,,
1998-06-05,7.593333,5.0,341.53,,,,254.410004,1206.699951,5.58,100.139999,13.95,19.780001,,
1998-06-12,7.756667,5.0,302.09,,,,235.619995,1186.98999,5.43,101.889999,11.62,22.780001,,
1998-06-19,7.92,5.0,313.26,,,,236.100006,1239.709961,5.47,100.120003,10.89,21.92,,
1998-06-26,8.083333,5.0,298.54,,,,251.039993,1320.939941,5.46,101.589996,12.04,19.360001,,
1998-07-03,8.187097,5.0,308.53,,,,245.610001,1332.530029,5.42,101.980003,11.79,17.67,,
1998-07-10,8.141935,5.0,309.28,,,,255.839996,1391.109985,5.42,102.089996,11.61,17.92,,
1998-07-17,8.096774,5.0,330.35,,,,266.470001,1463.969971,5.51,100.580002,12.38,16.23,,
1998-07-24,8.051613,5.0,343.79,,,,249.009995,1408.599976,5.45,100.699997,12.05,23.01,,
1998-07-31,8.006452,5.0,343.33,,,,255.149994,1377.26001,5.5,101.199997,12.63,24.799999,,
1998-08-07,8.03871,5.0,321.71,,,,269.73999,1364.069946,5.4,101.489998,12.05,27.02,,
1998-08-14,8.083871,5.0,304.61,,,,252.669998,1330.040039,5.4,102.43,11.46,34.34,,
1998-08-21,8.129032,5.0,316.62,,,,241.220001,1374.77002,5.32,102.18,12.02,33.139999,,
1998-08-28,8.174194,5.0,309.32,,,,210.970001,1265.040039,5.09,100.129997,12.06,39.599998,,
1998-09-04,8.19,3.0,314.22,,,,198.839996,1205.410034,5.02,98.199997,12.96,43.310001,,
1998-09-11,8.166667,3.0,320.61,,,,211.520004,1290.199951,4.85,96.5,12.66,43.740002,,
1998-09-18,8.143333,3.0,302.21,,,,212.199997,1300.699951,4.7,96.639999,13.92,38.630001,,
1998-09-25,8.12,3.0,303.79,,,,227.25,1390.089966,4.6,96.379997,14.55,34.549999,,
1998-10-02,8.093548,3.0,308.25,,,,203.660004,1276.439941,4.31,95.370003,14.21,40.470001,,
1998-10-09,8.048387,3.0,327.96,,,,200.800003,1197.869995,4.77,93.099998,12.87,42.200001,,
1998-10-16,8.003226,3.0,374.01,,,,230.979996,1293.910034,4.44,92.220001,12.11,34.82,,
1998-10-23,7.958065,3.0,378.83,,,,249.899994,1340.599976,4.7,93.169998,12.18,32.27,,
1998-10-30,7.912903,3.0,384.75,,,,262.619995,1400.52002,4.64,93.730003,12.0,28.049999,,
1998-11-06,7.9,3.0,416.3,,,,275.929993,1458.339966,4.93,94.82,11.51,25.700001,,
1998-11-13,7.9,3.0,404.3,,,,291.630005,1465.219971,4.82,95.739998,11.46,29.030001,,
1998-11-20,7.9,3.0,452.93,,,,309.619995,1544.219971,4.82,95.809998,10.4,22.469999,,
1998-11-27,7.9,3.0,447.0,,,,320.540009,1628.349976,4.81,96.830002,10.77,22.09,,
1998-12-04,7.870968,3.0,466.34,,,,344.660004,1630.01001,4.62,94.910004,9.73,25.309999,,
1998-12-11,7.803226,3.0,555.17,,,,331.679993,1675.01001,4.61,93.480003,9.26,27.719999,,
1998-12-18,7.735484,3.0,524.85,,,,349.25,1735.0,4.58,94.040001,9.62,25.040001,,
1998-12-25,7.667742,3.0,555.36,,,,349.320007,1806.040039,4.86,94.889999,9.91,21.48,,
1999-01-01,7.6,3.0,562.46,,,,350.559998,1836.01001,4.65,94.169998,10.54,24.42,,
1999-01-08,7.554839,3.0,626.33,,,,391.429993,1973.660034,4.86,94.349998,11.7,23.280001,,
1999-01-15,7.509677,3.0,614.57,,,,403.269989,1981.619995,4.66,94.720001,10.97,29.24,,
1999-01-22,7.464516,3.0,550.58,,,,392.76001,1964.209961,4.64,94.660004,11.23,31.950001,,
1999-01-29,7.419355,3.0,571.43,,,,420.450012,2127.189941,4.66,96.080002,11.34,26.25,,
1999-02-05,7.371429,3.0,551.39,,,,386.059998,1988.550049,4.94,96.220001,10.18,29.67,,
1999-02-12,7.321429,3.0,551.77,,,,391.920013,1958.599976,5.06,96.309998,9.97,29.76,,
1999-02-19,7.271429,3.0,522.18,,,,389.98999,1931.589966,5.07,98.269997,10.29,29.299999,,
1999-02-26,7.221429,3.0,520.06,,,,356.26001,1925.280029,5.29,98.68,10.58,27.879999,,
1999-03-05,7.174194,3.0,538.19,,,,377.579987,1969.869995,5.34,100.239998,11.02,24.08,,
1999-03-12,7.129032,3.0,590.8,,,,365.649994,2008.959961,5.16,99.150002,12.3,24.84,,
1999-03-19,7.083871,3.0,604.22,,,,374.980011,2053.689941,5.17,99.050003,13.15,24.32,,
1999-03-26,7.03871,3.0,609.79,,,,363.640015,2067.300049,5.21,100.190002,13.97,24.040001,,
1999-04-02,6.993333,3.0,646.78,,,,387.369995,2146.129883,5.2,100.089996,14.6,22.059999,,
1999-04-09,6.946667,3.0,687.42,,,,410.070007,2232.469971,5.05,100.080002,14.11,21.77,,
1999-04-16,6.9,3.0,725.14,,,,395.339996,2086.459961,5.23,100.080002,15.34,23.9,,
1999-04-23,6.853333,3.0,750.99,,,,395.369995,2210.439941,5.26,100.870003,16.07,22.76,,
1999-04-30,6.806667,3.0,752.59,,,,370.269989,2136.389893,5.36,101.0,16.45,25.07,,
1999-05-07,6.877419,3.0,810.62,,,,386.959991,2117.72998,5.54,99.989998,15.66,25.360001,,
1999-05-14,6.967742,3.0,737.83,,,,397.140015,2125.149902,5.62,100.93,15.18,26.860001,,
1999-05-21,7.058065,3.0,710.49,,,,408.399994,2114.399902,5.52,101.639999,14.49,24.4,,
1999-05-28,7.148387,3.0,732.24,,,,388.130005,2089.699951,5.64,102.510002,14.75,25.389999,,
1999-06-04,7.18,3.0,797.5,,,,408.959991,2109.409912,5.82,102.650002,15.21,23.43,,
1999-06-11,7.133333,3.0,848.61,,,,436.910004,2062.290039,6.02,101.0,16.25,25.9,,
1999-06-18,7.086667,3.0,837.73,,,,457.029999,2205.459961,5.84,102.370003,15.93,21.75,,
1999-06-25,7.04,3.0,882.08,,,,452.529999,2185.76001,6.02,102.279999,16.27,21.76,,
1999-07-02,6.980645,3.0,933.42,,,,492.880005,2347.879883,5.82,103.489998,17.55,18.66,,
1999-07-09,6.845161,3.0,1027.93,,,,509.209991,2393.02002,5.84,104.440002,18.9,17.959999,,
1999-07-16,6.709677,3.0,1020.82,,,,530.080017,2459.47998,5.68,104.080002,19.42,17.42,,
1999-07-23,6.574194,3.0,904.96,,,,483.269989,2302.02002,5.84,101.550003,19.69,23.32,,
1999-07-30,6.43871,3.0,969.72,,,,493.970001,2270.929932,5.92,99.75,19.97,24.639999,,
1999-08-06,6.303226,3.0,938.26,,,,496.380005,2212.149902,6.02,99.589996,19.66,26.6,,
1999-08-13,6.167742,3.0,917.47,,,,519.650024,2307.060059,5.98,100.589996,20.61,22.309999,,
1999-08-20,6.032258,3.0,878.39,,,,500.5,2315.070068,5.88,99.599998,21.11,22.950001,,
1999-08-27,5.896774,3.0,960.28,,,,524.01001,2402.570068,5.85,101.080002,20.32,21.83,,
1999-09-03,5.78,3.0,910.62,,,,560.900024,2506.689941,5.89,99.779999,20.74,20.98,,
1999-09-10,5.71,3.0,961.98,,,,564.77002,2534.610107,5.89,101.019997,22.36,22.030001,,
1999-09-17,5.64,3.0,925.2,,,,565.219971,2536.909912,5.87,100.360001,22.93,23.299999,,
1999-09-24,5.57,3.0,941.57,,,,516.400024,2399.580078,5.75,99.639999,23.66,27.790001,,
1999-10-01,5.5,3.0,839.35,,,,508.440002,2404.449951,6.0,97.970001,22.98,24.93,,
1999-10-08,5.432258,3.0,839.41,,,,516.919983,2555.360107,6.04,99.019997,20.78,20.49,,
1999-10-15,5.364516,3.0,862.63,,,,512.51001,2403.810059,6.09,97.040001,21.65,28.75,,
1999-10-22,5.296774,3.0,819.52,,,,513.76001,2485.899902,6.21,98.480003,22.38,21.639999,,
1999-10-29,5.229032,3.0,833.51,,,,555.830017,2637.439941,6.02,99.059998,21.11,22.200001,,
1999-11-05,5.186667,3.0,913.09,,,,621.210022,2755.699951,5.92,100.279999,22.8,21.66,,
1999-11-12,5.163333,3.0,969.26,,,,656.099976,2888.909912,5.93,100.75,25.39,21.65,,
1999-11-19,5.14,3.0,993.11,,,,654.140015,3028.840088,6.07,100.889999,25.14,19.110001,,
1999-11-26,5.116667,3.0,949.16,,,,637.789978,3116.620117,6.12,101.360001,25.85,22.33,,
1999-12-03,5.093548,3.0,966.59,,,,657.530029,3172.370117,6.17,102.510002,26.17,19.32,,
1999-12-10,5.070968,3.0,1018.17,,,,632.630005,3203.280029,6.08,101.660004,24.86,21.48,,
1999-12-17,5.048387,3.0,949.26,,,,639.340027,3359.860107,6.3,102.18,26.22,21.35,,
1999-12-24,5.025806,3.0,991.63,,,,695.960022,3590.280029,6.41,101.580002,25.11,21.120001,,
1999-12-31,5.003226,3.0,1028.07,,,,704.559998,3707.830078,6.45,101.870003,24.93,24.639999,,
2000-01-07,4.96129,3.0,948.65,5540.0,455700.0,0.062374,690.75,3529.600098,6.52,100.800003,23.35,21.719999,,3.0
2000-01-14,4.916129,3.0,948.03,5830.0,478800.0,0.065447,809.869995,3704.73999,6.69,101.720001,25.5,19.66,,3.0
2000-01-21,4.870968,3.0,925.16,5880.0,558600.0,0.075258,804.150024,3849.959961,6.79,101.760002,27.18,20.82,,3.0
2000-01-28,4.825806,3.0,941.67,5820.0,581700.0,0.078069,749.01001,3446.129883,6.66,104.480003,26.59,26.139999,,3.0
2000-02-04,4.768966,3.0,950.22,5130.0,484050.0,0.065405,868.02002,3874.370117,6.53,104.290001,27.48,21.540001,,3.0
2000-02-11,4.696552,3.0,953.22,5700.0,468300.0,0.063925,912.190002,3968.889893,6.63,104.190002,27.82,24.42,,3.0
2000-02-18,4.624138,3.0,879.14,5300.0,426300.0,0.058282,935.940002,3965.75,6.49,104.629997,27.26,26.0,,3.0
2000-02-25,4.551724,3.0,864.76,5120.0,369600.0,0.051084,1032.02002,4178.580078,6.36,105.260002,28.53,25.200001,,3.0
2000-03-03,4.5,3.0,894.83,6000.0,495600.0,0.067514,1211.339966,4442.870117,6.39,106.0,29.83,19.209999,,3.0
2000-03-10,4.5,3.0,891.36,5540.0,444150.0,0.060717,1332.72998,4587.160156,6.39,105.709999,28.97,21.24,,3.0
2000-03-17,4.5,3.0,855.57,5480.0,436800.0,0.059762,1254.829956,4440.450195,6.2,105.199997,27.87,22.370001,,3.0
2000-03-24,4.5,3.0,889.24,6800.0,530250.0,0.072608,1287.5,4691.609863,6.2,104.769997,25.74,23.309999,,3.0
2000-03-31,4.5,3.0,860.94,6700.0,516600.0,0.070791,1181.890015,4397.839844,6.03,105.440002,23.98,24.110001,,3.0
2000-04-07,4.48,3.0,837.38,7200.0,513450.0,0.070893,1223.27002,4291.529785,5.86,105.970001,22.63,24.389999,,3.0
2000-04-14,4.456667,3.0,800.89,6260.0,474600.0,0.065154,892.159973,3207.959961,5.85,105.75,22.13,33.490002,,3.0
2000-04-21,4.433333,3.0,767.16,6050.0,451500.0,0.062082,1024.280029,3505.290039,5.99,107.449997,23.57,25.85,,3.0
2000-04-28,4.41,3.0,725.39,6000.0,369600.0,0.051868,1171.640015,3773.179932,6.23,110.139999,23.79,26.200001,,3.0
2000-05-05,4.374194,3.0,751.29,6180.0,367500.0,0.051802,1105.130005,3688.360107,6.51,111.309998,24.93,27.530001,,3.0
2000-05-12,4.329032,3.0,740.3,6160.0,344400.0,0.04894,982.150024,3406.25,6.51,109.900002,27.98,26.049999,,3.0
2000-05-19,4.283871,3.0,730.68,6900.0,357000.0,0.051225,950.23999,3260.639893,6.51,111.470001,29.01,25.440001,,3.0
2000-05-26,4.23871,3.0,656.66,5600.0,317100.0,0.044976,909.659973,3101.439941,6.33,109.120003,30.09,24.469999,,3.0
2000-06-02,4.196667,3.0,760.69,6620.0,390600.0,0.055186,1157.75,3755.669922,6.15,108.120003,29.35,21.48,,3.0
2000-06-09,4.173333,3.0,836.4,7020.0,470400.0,0.065475,1168.829956,3760.26001,6.13,106.989998,29.0,22.139999,,3.0
2000-06-16,4.15,3.0,759.04,6740.0,426300.0,0.059711,1158.300049,3787.360107,5.99,105.959999,28.68,20.5,,3.0
2000-06-23,4.126667,3.0,778.94,7000.0,465150.0,0.064863,1217.280029,3685.300049,6.19,108.010002,31.02,22.34,,3.0
2000-06-30,4.103333,3.0,821.22,7380.0,462000.0,0.064759,1140.530029,3763.790039,6.03,106.839996,31.58,19.540001,,3.0
2000-07-07,4.119355,3.0,841.74,7360.0,514500.0,0.071273,1160.420044,3841.27002,6.01,107.650002,30.62,19.219999,,3.0
2000-07-14,4.141935,3.0,827.95,7550.0,491400.0,0.068577,1239.119995,4041.149902,6.1,108.449997,30.82,19.32,,3.0
2000-07-21,4.164516,3.0,783.06,6920.0,435750.0,0.061068,1082.51001,3908.75,6.01,108.419998,26.68,18.940001,,3.0
2000-07-28,4.187097,3.0,692.65,5730.0,345450.0,0.048744,957.280029,3477.310059,6.04,109.739998,25.96,20.84,,3.0
2000-08-04,4.229032,3.0,710.0,5920.0,401100.0,0.055838,921.02002,3618.629883,5.91,110.849998,28.01,18.620001,,3.0
2000-08-11,4.296774,3.0,722.21,5960.0,407400.0,0.056722,953.690002,3644.610107,5.79,111.209999,29.44,18.549999,,3.0
2000-08-18,4.364516,3.0,728.32,6200.0,459900.0,0.063438,1134.819946,3807.51001,5.78,111.010002,30.76,17.049999,,3.0
2000-08-25,4.432258,3.0,729.8,6400.0,475650.0,0.065558,1143.709961,3931.25,5.73,111.349998,33.26,16.530001,,3.0
2000-09-01,4.5,3.0,692.19,5540.0,424200.0,0.058381,1142.569946,4099.299805,5.68,111.419998,35.09,17.530001,277.0,3.0
2000-09-08,4.406667,3.0,653.68,4880.0,358050.0,0.04954,1039.959961,3813.439941,5.73,114.339996,36.27,18.459999,273.299988,3.0
2000-09-15,4.313333,3.0,628.2,4350.0,347550.0,0.047734,974.590027,3676.330078,5.84,115.940002,33.68,18.52,272.299988,3.0
2000-09-22,4.22,3.0,553.25,3800.0,301350.0,0.041367,926.530029,3701.179932,5.85,113.559998,31.59,20.74,271.799988,3.0
2000-09-29,4.126667,3.0,613.22,4040.0,334950.0,0.0458,851.570007,3570.610107,5.8,113.25,28.42,20.57,273.600006,3.0
2000-10-06,4.116129,3.0,608.85,3900.0,323400.0,0.04419,799.390015,3311.939941,5.82,114.849998,29.62,22.709999,269.299988,3.0
2000-10-13,4.13871,3.0,524.6,3030.0,236250.0,0.032593,758.320007,3277.77002,5.73,115.860001,33.5,27.6,272.399994,3.0
2000-10-20,4.16129,3.0,545.97,3330.0,190050.0,0.027135,752.869995,3456.610107,5.64,117.160004,30.16,24.24,271.200012,3.0
2000-10-27,4.183871,3.0,515.34,2890.0,179340.0,0.025402,685.599976,3175.25,5.72,117.389999,31.31,26.469999,264.399994,3.0
2000-11-03,4.206667,3.0,560.41,3440.0,170100.0,0.024862,740.609985,3321.909912,5.83,114.970001,30.81,23.67,264.600006,3.0
2000-11-10,4.23,3.0,565.18,3380.0,146580.0,0.021947,624.200012,2890.26001,5.82,115.790001,32.26,28.530001,264.5,3.0
2000-11-17,4.253333,3.0,551.26,3220.0,152460.0,0.022447,671.539978,2934.810059,5.71,117.309998,33.09,24.809999,265.700012,3.0
2000-11-24,4.276667,3.0,530.84,3400.0,152250.0,0.02259,674.679993,2830.090088,5.63,118.480003,33.35,26.0,266.299988,3.0
2000-12-01,4.3,3.0,514.46,3180.0,142800.0,0.021218,538.349976,2549.73999,5.52,114.730003,31.59,27.48,268.700012,3.0
2000-12-08,4.322581,3.0,534.81,3370.0,139650.0,0.021001,638.340027,2895.389893,5.35,114.050003,26.85,22.41,272.200012,3.0
2000-12-15,4.345161,3.0,534.0,3490.0,137970.0,0.020893,578.780029,2543.090088,5.2,112.900002,24.44,26.549999,270.399994,3.0
2000-12-22,4.367742,3.0,500.6,3140.0,74760.0,0.012711,587.140015,2436.26001,5.02,110.82,22.23,27.549999,273.700012,3.0
2000-12-29,4.390323,3.0,504.62,3160.0,84525.0,0.013962,576.609985,2341.699951,5.12,109.559998,22.58,26.85,272.0,3.0
2001-01-05,4.43871,3.0,580.85,3900.0,126420.0,0.019913,617.48999,2267.850098,4.93,108.419998,24.77,28.67,268.0,3.0
2001-01-12,4.506452,3.0,587.87,3840.0,111720.0,0.018022,670.72998,2506.050049,5.25,109.360001,25.63,24.559999,263.899994,3.0
2001-01-19,4.574194,3.0,619.78,4600.0,142380.0,0.022637,719.440002,2655.77002,5.19,110.660004,26.29,23.24,264.299988,3.0
2001-01-26,4.641935,3.0,591.73,3980.0,124110.0,0.019751,692.469971,2631.780029,5.29,111.459999,27.04,22.57,262.799988,3.0
2001-02-02,4.696429,3.0,608.48,4290.0,113400.0,0.018736,687.799988,2472.179932,5.17,110.32,28.9,21.950001,267.100006,3.0
2001-02-09,4.671429,3.0,595.47,4070.0,101850.0,0.017115,623.97998,2261.77002,5.03,111.519997,29.53,22.030001,259.899994,3.0
2001-02-16,4.646429,3.0,604.92,4250.0,93660.0,0.016331,661.390015,2212.51001,5.11,112.260002,26.61,22.120001,258.200012,3.0
2001-02-23,4.621429,3.0,583.52,3840.0,84000.0,0.01475,608.340027,2056.060059,5.1,112.029999,26.12,27.209999,260.899994,3.0
2001-03-02,4.583871,3.0,559.44,3610.0,70875.0,0.012872,582.200012,1881.339966,4.95,111.169998,25.28,27.43,262.100006,3.0
2001-03-09,4.470968,3.0,565.76,3840.0,70035.0,0.013026,593.440002,1813.02002,4.95,111.440002,25.78,25.620001,270.799988,3.0
2001-03-16,4.358065,3.0,538.67,3890.0,65940.0,0.012555,541.26001,1647.51001,4.78,115.32,23.84,29.91,258.100006,3.0
2001-03-23,4.245161,3.0,537.97,4300.0,63735.0,0.012693,642.090027,1705.02002,4.8,115.940002,23.94,30.450001,261.5,3.0
2001-03-30,4.132258,3.0,523.22,4160.0,66255.0,0.012872,545.039978,1573.25,4.93,117.370003,23.5,28.639999,257.899994,3.0
2001-04-06,4.066667,3.0,506.22,3840.0,62160.0,0.01205,487.529999,1448.160034,4.89,114.75,24.02,31.690001,260.0,3.0
2001-04-13,4.02,3.0,516.1,4060.0,53865.0,0.011263,597.919983,1714.290039,5.17,115.540001,26.8,26.120001,260.100006,3.0
2001-04-20,3.973333,3.0,556.29,4490.0,68985.0,0.013552,669.5,1933.569946,5.29,114.32,25.57,25.379999,264.799988,3.0
2001-04-27,3.926667,3.0,556.63,4340.0,64575.0,0.012905,642.599976,1810.469971,5.34,115.620003,26.85,24.02,263.899994,3.0
2001-05-04,3.890323,3.0,585.6,4460.0,72765.0,0.014141,639.530029,1924.119995,5.21,114.93,27.59,23.91,266.100006,3.0
2001-05-11,3.867742,3.0,583.06,4410.0,84735.0,0.015585,616.780029,1821.199951,5.51,116.839996,27.97,23.540001,267.899994,3.0
2001-05-18,3.845161,3.0,600.54,4410.0,84840.0,0.015605,657.429993,1927.689941,5.41,116.410004,29.3,21.23,287.399994,3.0
2001-05-25,3.822581,3.0,624.11,4440.0,92820.0,0.016676,654.640015,1960.73999,5.52,118.18,28.69,20.6,277.899994,3.0
2001-06-01,3.8,3.0,607.07,4240.0,90090.0,0.016161,617.599976,1840.829956,5.39,118.889999,28.86,21.59,266.399994,3.0
2001-06-08,3.8,3.0,621.78,4470.0,97440.0,0.017329,675.700012,1896.219971,5.38,119.209999,28.88,19.92,273.399994,3.0
2001-06-15,3.8,3.0,618.96,4190.0,86100.0,0.015664,608.919983,1701.530029,5.27,118.290001,28.13,22.809999,271.200012,3.0
2001-06-22,3.8,3.0,599.08,3870.0,67200.0,0.013098,586.309998,1727.469971,5.14,118.910004,26.86,20.02,272.299988,3.0
2001-06-29,3.8,3.0,595.13,3840.0,58695.0,0.012008,624.090027,1830.189941,5.42,119.43,26.21,19.059999,270.600006,3.0
2001-07-06,3.783871,3.0,578.54,3670.0,48615.0,0.010521,566.51001,1668.589966,5.41,119.900002,26.55,21.629999,265.899994,3.0
2001-07-13,3.76129,3.0,548.49,3400.0,39690.0,0.009141,593.929993,1751.109985,5.27,119.330002,24.02,21.139999,267.100006,3.0
2001-07-20,3.73871,3.0,537.71,3520.0,29400.0,0.007903,574.299988,1676.459961,5.15,117.209999,23.43,22.34,269.899994,3.0
2001-07-27,3.716129,3.0,541.13,3710.0,28665.0,0.007991,601.669983,1683.180054,5.13,116.940002,24.82,22.0,267.399994,3.0
2001-08-03,3.7,3.0,568.69,3990.0,34125.0,0.008942,641.059998,1725.900024,5.2,116.139999,25.6,19.889999,267.899994,3.0
2001-08-10,3.7,3.0,555.34,3730.0,32445.0,0.008418,593.049988,1617.449951,4.99,115.290001,25.78,20.549999,273.899994,3.0
2001-08-17,3.7,3.0,580.99,3920.0,34230.0,0.008786,555.539978,1516.579956,4.84,112.989998,24.68,23.84,279.299988,3.0
2001-08-24,3.7,3.0,569.31,3840.0,26355.0,0.007756,594.909973,1579.619995,4.93,113.330002,26.33,19.709999,272.5,3.0
2001-08-31,3.7,3.0,545.11,3800.0,17430.0,0.006637,562.719971,1469.699951,4.85,113.419998,26.8,24.92,274.399994,3.0
2001-09-07,3.68,2.5,555.08,3820.0,27090.0,0.007907,513.909973,1354.27002,4.8,114.050003,27.54,30.99,273.100006,3.0
2001-09-14,3.656667,2.5,482.29,3390.0,20895.0,0.006511,509.149994,1365.390015,4.57,114.57,29.22,31.84,290.200012,3.0
2001-09-21,3.633333,2.5,472.31,2850.0,19215.0,0.0057,381.01001,1126.949951,4.7,113.040001,25.17,42.66,291.899994,3.0
2001-09-28,3.61,2.5,479.68,2810.0,19110.0,0.005722,373.700012,1168.369995,4.6,113.480003,21.87,31.93,292.399994,3.0
2001-10-05,3.612903,2.5,501.92,2950.0,22995.0,0.006398,406.100006,1271.72998,4.52,112.910004,21.46,33.389999,291.399994,3.0
2001-10-12,3.635484,2.5,516.4,3260.0,22050.0,0.006594,473.779999,1393.839966,4.68,113.889999,20.57,35.27,284.899994,3.0
2001-10-19,3.658065,2.5,528.04,3400.0,21105.0,0.006609,423.820007,1347.589966,4.63,114.860001,19.91,34.110001,280.100006,3.0
2001-10-26,3.680645,2.5,543.41,3620.0,19740.0,0.006723,480.73999,1454.900024,4.53,115.650002,20.31,28.42,277.899994,3.0
2001-11-02,3.696667,2.5,550.57,3660.0,26040.0,0.007571,489.440002,1425.780029,4.37,114.540001,18.63,30.709999,279.799988,3.0
2001-11-09,3.673333,2.5,576.75,3860.0,25200.0,0.007708,506.809998,1514.959961,4.34,115.089996,20.72,27.440001,277.399994,3.0
2001-11-16,3.65,2.5,610.88,4180.0,37800.0,0.009637,529.919983,1582.140015,4.91,116.410004,16.86,25.07,274.700012,3.0
2001-11-23,3.626667,2.5,645.18,4440.0,40110.0,0.010277,511.299988,1577.469971,5.04,117.330002,19.4,23.25,272.899994,3.0
2001-11-30,3.603333,2.5,643.89,4360.0,45045.0,0.010737,518.950012,1596.050049,4.78,116.129997,18.92,23.84,273.899994,3.0
2001-12-07,3.6,2.5,704.5,5670.0,59850.0,0.013925,571.73999,1673.900024,5.2,116.150002,17.81,23.49,273.899994,3.0
2001-12-14,3.6,2.5,665.2,5100.0,49560.0,0.012063,549.02002,1605.670044,5.24,114.93,18.54,24.629999,278.0,3.0
2001-12-21,3.6,2.5,644.71,5030.0,40950.0,0.010857,520.580017,1578.27002,5.12,116.980003,18.73,22.5,278.0,3.0
2001-12-28,3.6,2.5,693.7,5580.0,50820.0,0.012706,538.789978,1621.130005,5.15,117.260002,19.77,21.4,276.5,3.0
2002-01-04,3.590323,2.5,747.72,6380.0,61740.0,0.014901,589.890015,1675.030029,5.18,116.330002,21.2,20.450001,278.899994,3.0
2002-01-11,3.567742,2.5,727.36,6120.0,63630.0,0.014876,568.890015,1634.170044,4.92,116.639999,20.08,22.6,287.399994,3.0
2002-01-18,3.545161,2.5,708.47,5920.0,50400.0,0.012995,523.039978,1548.219971,4.94,117.510002,18.17,22.52,283.100006,3.0
2002-01-25,3.522581,2.5,774.68,6460.0,52080.0,0.013852,535.940002,1558.26001,5.1,119.849998,19.04,21.01,278.799988,3.0
2002-02-01,3.5,2.5,742.42,6180.0,54915.0,0.013926,552.869995,1528.150024,5.02,119.790001,19.7,21.120001,286.0,3.0
2002-02-08,3.475,2.5,739.66,6420.0,53130.0,0.013941,531.530029,1452.170044,4.9,118.980003,20.01,23.26,303.5,3.0
2002-02-15,3.45,2.5,783.59,6830.0,42315.0,0.013164,554.609985,1436.699951,4.86,118.599998,20.76,22.370001,298.399994,3.0
2002-02-22,3.425,2.5,792.0,6670.0,33600.0,0.011901,508.950012,1356.160034,4.84,118.480003,20.14,22.860001,293.200012,3.0
2002-03-01,3.4,2.5,819.99,6860.0,33915.0,0.012213,567.27002,1435.410034,4.98,119.400002,21.83,19.959999,298.0,3.0
2002-03-08,3.4,2.5,825.27,6980.0,36435.0,0.012649,637.940002,1555.109985,5.33,117.989998,22.32,19.27,290.100006,3.0
2002-03-15,3.4,2.5,860.36,6600.0,34965.0,0.012248,594.190002,1495.410034,5.35,117.220001,23.9,18.42,289.899994,3.0
2002-03-22,3.4,2.5,895.98,7010.0,31920.0,0.012236,590.419983,1470.099976,5.4,118.050003,24.83,17.77,297.299988,3.0
2002-03-29,3.4,2.5,895.58,7360.0,30240.0,0.012443,595.23999,1452.810059,5.42,118.620003,25.34,17.4,302.600006,3.0
2002-04-05,3.386667,2.5,918.01,7780.0,28770.0,0.012797,572.619995,1376.719971,5.22,117.690002,25.39,19.129999,300.100006,3.0
2002-04-12,3.363333,2.5,875.69,7380.0,30450.0,0.012506,560.669983,1351.849976,5.18,117.739998,23.25,19.42,302.100006,3.0
2002-04-19,3.34,2.5,923.94,7920.0,26460.0,0.012792,582.73999,1385.01001,5.21,116.290001,25.86,18.299999,302.299988,3.0
2002-04-26,3.316667,2.5,869.65,8000.0,22155.0,0.012358,514.72998,1250.890015,5.08,115.040001,26.32,22.139999,311.600006,3.0
2002-05-03,3.287097,2.5,856.72,7400.0,16905.0,0.011197,480.209991,1190.73999,5.08,113.589996,25.8,20.190001,312.200012,3.0
2002-05-10,3.241935,2.5,817.93,6680.0,13965.0,0.009872,480.959991,1188.780029,5.15,113.949997,26.89,22.41,311.0,3.0
2002-05-17,3.196774,2.5,875.03,7650.0,18060.0,0.0115,541.969971,1325.800049,5.27,113.0,25.45,17.700001,310.600006,3.0
2002-05-24,3.151613,2.5,854.57,7320.0,14805.0,0.010572,499.630005,1253.030029,5.16,112.800003,23.76,18.9,320.399994,3.0
2002-05-31,3.106452,2.5,796.4,6840.0,14490.0,0.00993,476.26001,1208.339966,5.08,111.809998,23.87,19.98,326.5,3.0
2002-06-07,3.1,2.5,795.16,6900.0,8190.0,0.009204,441.01001,1140.23999,5.1,110.989998,22.99,23.51,324.600006,3.0
2002-06-14,3.1,2.5,822.01,7190.0,7560.0,0.009481,426.0,1109.599976,4.83,110.760002,23.97,25.959999,319.100006,3.0
2002-06-21,3.1,2.5,778.53,6800.0,5985.0,0.00876,380.01001,1035.630005,4.79,108.190002,24.14,27.23,324.600006,3.0
2002-06-28,3.1,2.5,742.72,6580.0,5460.0,0.008418,387.579987,1051.410034,4.86,106.110001,25.33,25.4,313.5,3.0
2002-07-05,3.125806,2.5,787.83,7160.0,9240.0,0.009548,396.179993,1060.890015,4.9,107.669998,25.75,27.110001,310.899994,3.0
2002-07-12,3.170968,2.5,792.93,7040.0,13755.0,0.009873,377.170013,1000.820007,4.63,105.889999,26.11,32.939999,315.600006,3.0
2002-07-19,3.216129,2.5,754.62,6830.0,15435.0,0.009769,364.079987,965.369995,4.61,104.059998,26.37,38.169998,323.899994,3.0
2002-07-26,3.26129,2.5,697.84,6400.0,9345.0,0.008564,315.01001,910.909973,4.43,106.610001,25.1,35.509998,303.399994,3.0
2002-08-02,3.290323,2.5,700.68,6390.0,12495.0,0.008994,301.410004,892.51001,4.33,106.669998,25.17,41.290001,307.0,3.0
2002-08-09,3.222581,2.5,692.45,6380.0,11970.0,0.00892,315.890015,937.330017,4.27,108.209999,25.49,35.330002,314.200012,3.0
2002-08-16,3.154839,2.5,718.29,6510.0,10500.0,0.008882,348.480011,996.059998,4.32,106.720001,27.33,28.809999,313.700012,3.0
2002-08-23,3.087097,2.5,740.51,6950.0,12600.0,0.009645,336.269989,1010.48999,4.25,107.970001,27.51,29.32,306.700012,3.0
2002-08-30,3.019355,2.5,736.4,6620.0,11235.0,0.009095,300.190002,942.380005,4.14,106.980003,27.56,32.639999,312.399994,3.0
2002-09-06,3.016667,2.5,708.73,6440.0,10080.0,0.008708,288.470001,922.219971,4.05,106.839996,28.36,36.330002,319.899994,3.0
2002-09-13,3.04,2.5,718.17,6630.0,11340.0,0.009101,280.519989,923.830017,3.92,108.059998,28.53,35.82,316.600006,3.0
2002-09-20,3.063333,2.5,704.12,6700.0,9765.0,0.008969,248.869995,871.599976,3.79,107.529999,28.61,38.98,321.899994,3.0
2002-09-27,3.086667,2.5,663.72,6190.0,9030.0,0.008238,246.580002,860.349976,3.69,107.529999,29.0,36.970001,319.700012,3.0
2002-10-04,3.1,2.5,650.92,6120.0,6615.0,0.007845,226.949997,815.400024,3.69,107.599998,28.32,39.459999,322.100006,3.0
2002-10-11,3.1,2.5,587.51,5470.0,5985.0,0.007019,246.220001,890.609985,3.83,107.25,28.18,35.700001,316.299988,3.0
2002-10-18,3.1,2.5,670.79,6530.0,9660.0,0.008795,268.279999,956.130005,4.14,108.519997,28.2,33.529999,312.700012,3.0
2002-10-25,3.1,2.5,655.88,6800.0,10815.0,0.009147,292.480011,995.549988,4.12,107.919998,25.96,30.0,313.399994,3.0
2002-11-01,3.1,2.5,647.65,6820.0,9555.0,0.008953,313.040009,1019.059998,4.01,106.080002,25.78,29.299999,318.799988,3.0
2002-11-08,3.1,2.5,674.85,7190.0,10500.0,0.009474,299.910004,1008.349976,3.85,104.5,23.54,29.41,321.299988,3.0
2002-11-15,3.1,2.5,672.95,7160.0,8820.0,0.009196,319.679993,1061.280029,4.05,105.040001,23.33,26.65,320.700012,3.0
2002-11-22,3.1,2.5,692.87,7460.0,9240.0,0.009578,362.640015,1116.01001,4.18,106.120003,24.79,23.16,320.700012,3.0
2002-11-29,3.1,2.5,724.8,7740.0,9135.0,0.00998,373.529999,1116.099976,4.22,106.410004,25.74,27.5,316.799988,3.0
2002-12-06,3.132258,2.5,718.09,7440.0,9240.0,0.009655,331.350006,1065.969971,4.09,105.360001,25.67,28.879999,326.299988,3.0
2002-12-13,3.177419,2.5,708.13,7240.0,6615.0,0.00907,309.269989,1005.849976,4.07,103.980003,27.64,28.18,333.200012,3.0
2002-12-20,3.222581,2.5,709.44,7160.0,6825.0,0.009024,297.970001,1013.900024,3.97,103.459999,29.59,26.709999,340.5,3.0
2002-12-27,3.267742,2.5,656.92,6720.0,5985.0,0.008405,296.48999,997.849976,3.83,102.410004,31.49,29.549999,349.200012,3.0
2003-01-03,3.3,2.5,661.1,6880.0,6930.0,0.008678,314.140015,1031.630005,4.05,102.470001,31.43,24.68,351.200012,3.0
2003-01-10,3.3,2.5,628.36,6480.0,6090.0,0.008065,339.070007,1087.359985,4.16,101.230003,30.07,24.32,354.5,3.0
2003-01-17,3.3,2.5,636.46,6410.0,6090.0,0.008008,297.529999,1017.580017,4.05,100.550003,31.57,25.700001,356.600006,3.0
2003-01-24,3.3,2.5,609.43,6260.0,5775.0,0.007775,283.670013,996.179993,3.94,99.220001,31.62,31.51,368.200012,3.0
2003-01-31,3.3,2.5,591.86,5830.0,4935.0,0.007217,271.730011,983.049988,4.0,99.910004,31.57,31.17,368.299988,3.0
2003-02-07,3.321429,2.5,577.48,5480.0,4830.0,0.006881,260.920013,957.049988,3.96,99.57,32.23,34.009998,369.899994,3.0
2003-02-14,3.346429,2.5,575.24,5460.0,4725.0,0.006854,280.160004,982.090027,3.95,100.040001,33.26,32.619999,351.899994,3.0
2003-02-21,3.371429,2.5,603.6,6040.0,5040.0,0.007519,293.070007,1015.919983,3.9,100.089996,32.76,30.25,351.799988,3.0
2003-02-28,3.396429,2.5,575.43,5590.0,4200.0,0.006903,297.630005,1009.73999,3.71,99.709999,34.0,29.629999,350.200012,3.0
2003-03-07,3.4,2.5,546.02,5620.0,3780.0,0.006769,285.890015,986.820007,3.63,98.040001,34.47,31.08,350.799988,3.0
2003-03-14,3.4,2.5,537.65,5930.0,3465.0,0.007097,305.149994,1030.449951,3.72,99.989998,31.48,30.98,336.5,3.0
2003-03-21,3.4,2.5,575.77,6300.0,3465.0,0.007534,336.100006,1093.119995,4.11,101.919998,25.59,28.67,326.0,3.0
2003-03-28,3.4,2.5,556.33,6140.0,2835.0,0.007299,310.019989,1046.719971,3.92,99.959999,27.66,27.75,328.700012,3.0
2003-04-04,3.42,2.5,558.01,5670.0,2835.0,0.006798,311.440002,1050.699951,3.96,100.449997,25.62,29.129999,325.299988,3.0
2003-04-11,3.466667,2.5,582.97,5700.0,2835.0,0.006892,298.190002,1026.150024,4.0,100.18,24.39,24.440001,327.899994,3.0
2003-04-18,3.513333,2.5,624.77,6300.0,4580.0,0.007826,332.959991,1083.560059,3.98,99.300003,25.76,21.5,327.200012,3.0
2003-04-25,3.56,2.5,566.63,5750.0,3300.0,0.006976,324.950012,1083.189941,3.91,98.360001,24.29,20.799999,333.399994,3.0
2003-05-02,3.6,2.5,597.44,6140.0,3230.0,0.007455,343.029999,1136.349976,3.94,96.760002,23.73,20.629999,341.0,3.0
2003-05-09,3.6,2.5,619.11,6340.0,3615.0,0.007724,350.700012,1143.550049,3.69,94.980003,25.55,19.690001,348.600006,3.0
2003-05-16,3.6,2.5,610.81,6140.0,3800.0,0.007515,354.369995,1154.47998,3.46,94.080002,27.18,18.4,354.700012,3.0
2003-05-23,3.6,2.5,611.51,6240.0,3770.0,0.00762,344.350006,1130.050049,3.34,93.050003,27.14,19.17,368.799988,3.0
2003-05-30,3.6,2.5,633.42,6480.0,3815.0,0.007862,382.309998,1197.890015,3.37,93.269997,26.58,19.469999,364.5,3.0
2003-06-06,3.6,2.5,642.38,6670.0,4105.0,0.008186,388.190002,1213.109985,3.37,93.480003,28.38,21.25,363.700012,3.0
2003-06-13,3.6,2.5,665.24,7010.0,5580.0,0.008683,361.070007,1203.910034,3.13,92.220001,27.39,20.66,356.600006,3.0
2003-06-20,3.6,2.5,686.22,7280.0,6320.0,0.009103,371.029999,1223.400024,3.4,94.040001,27.13,19.139999,356.299988,3.0
2003-06-27,3.6,2.5,677.28,7220.0,5930.0,0.008973,359.459991,1205.23999,3.58,95.150002,27.45,19.16,345.200012,3.0
2003-07-04,3.6,2.5,693.25,7680.0,7300.0,0.009681,368.970001,1231.339966,3.67,94.550003,27.97,19.389999,351.0,3.0
2003-07-11,3.6,2.5,704.15,7880.0,8060.0,0.010008,390.730011,1280.569946,3.66,95.800003,29.36,18.469999,344.799988,3.0
2003-07-18,3.6,2.5,699.35,8080.0,9630.0,0.010309,383.709991,1259.910034,4.0,96.860001,29.2,19.110001,347.200012,3.0
2003-07-25,3.6,2.5,705.09,8160.0,7710.0,0.010186,390.459991,1278.310059,4.22,94.959999,28.3,17.75,362.700012,3.0
2003-08-01,3.6,2.5,727.26,8520.0,8490.0,0.010693,393.720001,1264.339966,4.44,96.660004,29.63,20.75,346.100006,3.0
2003-08-08,3.622581,2.5,704.14,8120.0,8800.0,0.010227,368.690002,1207.280029,4.27,96.360001,30.59,19.59,356.299988,3.0
2003-08-15,3.645161,2.5,727.01,8500.0,8640.0,0.010673,394.5,1253.630005,4.55,96.650002,29.18,18.27,363.200012,3.0
2003-08-22,3.667742,2.5,754.72,8920.0,8080.0,0.011149,439.660004,1304.540039,4.48,98.830002,30.22,18.549999,363.100006,3.0
2003-08-29,3.690323,2.5,759.47,8700.0,7970.0,0.010926,456.059998,1341.199951,4.45,98.099998,30.38,18.629999,375.700012,3.0
2003-09-05,3.7,2.5,761.55,8860.0,8150.0,0.01113,459.820007,1361.900024,4.35,97.089996,27.72,18.17,377.600006,3.0
2003-09-12,3.7,2.5,767.46,9240.0,8080.0,0.011496,452.01001,1357.630005,4.27,96.010002,26.52,18.68,375.799988,3.0
2003-09-19,3.7,2.5,748.25,8600.0,7740.0,0.010714,460.790009,1392.26001,4.17,94.959999,25.51,17.540001,381.799988,3.0
2003-09-26,3.7,2.5,697.4,7760.0,6970.0,0.009636,424.700012,1309.310059,4.04,93.870003,27.02,22.23,380.799988,3.0
2003-10-03,3.712903,2.5,715.24,8170.0,6840.0,0.010102,449.119995,1375.319946,4.21,93.230003,29.14,19.5,369.399994,3.0
2003-10-10,3.758065,2.5,757.89,8900.0,6960.0,0.010858,467.220001,1404.869995,4.29,91.519997,31.13,18.450001,373.600006,3.0
2003-10-17,3.803226,2.5,767.75,9040.0,7700.0,0.011145,465.190002,1394.02002,4.41,92.290001,30.27,17.620001,371.799988,3.0
2003-10-24,3.848387,2.5,748.17,8740.0,7000.0,0.010731,457.959991,1370.609985,4.24,91.279999,30.01,17.709999,388.899994,3.0
2003-10-31,3.893548,2.5,782.36,9400.0,7530.0,0.011571,496.519989,1416.390015,4.33,92.730003,27.88,16.1,384.5,3.0
2003-11-07,3.86,2.5,804.05,9540.0,7250.0,0.011796,526.419983,1436.72998,4.48,93.019997,28.73,16.93,383.299988,3.0
2003-11-14,3.813333,2.5,809.89,9380.0,6990.0,0.011683,509.959991,1407.51001,4.22,91.440002,29.78,16.940001,397.799988,3.0
2003-11-21,3.766667,2.5,770.78,9120.0,6580.0,0.011283,502.660004,1373.319946,4.15,90.599998,29.79,18.98,396.0,3.0
2003-11-28,3.72,2.5,796.18,9300.0,6630.0,0.011574,529.280029,1424.25,4.34,90.209999,28.95,16.32,396.799988,3.0
2003-12-05,3.687097,2.5,789.41,9030.0,6450.0,0.011296,498.859985,1406.910034,4.23,89.139999,28.87,17.09,406.399994,3.0
2003-12-12,3.664516,2.5,806.08,9100.0,6300.0,0.01146,496.149994,1417.27002,4.26,88.489998,30.24,16.41,409.399994,3.0
2003-12-19,3.641935,2.5,811.2,8970.0,6160.0,0.011339,489.839996,1426.170044,4.15,88.110001,31.03,16.42,409.200012,3.0
2003-12-26,3.619355,2.5,788.85,8830.0,5040.0,0.010983,498.690002,1443.859985,4.17,87.629997,29.45,17.450001,412.299988,3.0
2004-01-02,3.6,2.5,821.26,8980.0,5600.0,0.011397,504.850006,1463.569946,4.38,86.919998,29.55,18.219999,415.700012,3.0
2004-01-09,3.6,2.5,845.27,10160.0,7160.0,0.012682,543.309998,1520.459961,4.11,85.110001,31.91,16.75,426.399994,3.0
2004-01-16,3.6,2.5,847.95,10120.0,7430.0,0.012717,557.150024,1553.619995,4.04,87.730003,31.26,15.0,406.700012,3.0
2004-01-23,3.6,2.5,861.37,10520.0,7400.0,0.013146,527.030029,1531.209961,4.09,86.559998,32.08,14.84,407.899994,3.0
2004-01-30,3.6,2.5,848.5,10480.0,8950.0,0.013166,514.419983,1493.079956,4.16,87.199997,29.53,16.629999,402.200012,3.0
2004-02-06,3.6,2.5,850.23,10540.0,8430.0,0.01306,519.409973,1498.949951,4.12,86.019997,29.26,16.0,403.600006,3.0
2004-02-13,3.6,2.5,882.18,11100.0,8420.0,0.013615,510.570007,1484.469971,4.05,85.559998,30.96,15.58,410.299988,3.0
2004-02-20,3.6,2.5,877.49,10980.0,9110.0,0.013633,509.799988,1482.099976,4.1,87.239998,31.22,16.040001,397.5,3.0
2004-02-27,3.6,2.5,883.42,10900.0,8970.0,0.013594,502.26001,1470.380005,3.99,87.309998,32.94,14.55,396.399994,3.0
2004-03-05,3.6,2.5,905.38,11280.0,9900.0,0.014111,504.25,1472.98999,3.85,88.18,34.4,14.48,401.299988,3.0
2004-03-12,3.6,2.5,848.8,10480.0,10200.0,0.013291,485.100006,1431.400024,3.78,89.120003,32.76,18.299999,395.299988,3.0
2004-03-19,3.6,2.5,883.33,11100.0,11650.0,0.014222,463.350006,1398.579956,3.8,88.160004,34.33,19.15,412.5,3.0
2004-03-26,3.6,2.5,863.95,10900.0,10850.0,0.013888,479.25,1415.390015,3.85,88.889999,32.51,17.33,422.100006,3.0
2004-04-02,3.603333,2.5,883.69,11300.0,12550.0,0.014496,513.859985,1490.300049,4.15,88.510002,31.19,15.64,421.600006,3.0
2004-04-09,3.626667,2.5,905.44,11900.0,13600.0,0.015297,511.779999,1485.51001,4.21,89.019997,34.03,16.26,419.899994,3.0
2004-04-16,3.65,2.5,898.88,11880.0,12450.0,0.015101,480.140015,1449.060059,4.37,89.940002,33.85,14.94,401.0,3.0
2004-04-23,3.673333,2.5,936.06,12740.0,12150.0,0.015788,487.980011,1497.01001,4.48,91.080002,33.78,14.01,395.100006,3.0
2004-04-30,3.696667,2.5,862.84,11140.0,11900.0,0.014011,443.480011,1401.359985,4.53,90.480003,35.23,17.190001,387.0,3.0
2004-05-07,3.66129,2.5,838.74,10800.0,13100.0,0.013939,457.01001,1406.189941,4.79,91.129997,37.25,18.129999,378.700012,3.0
2004-05-14,3.616129,2.5,768.46,9830.0,11350.0,0.012579,450.98999,1399.849976,4.79,91.660004,39.04,18.469999,377.0,3.0
2004-05-21,3.570968,2.5,786.36,10040.0,9600.0,0.012581,458.179993,1408.170044,4.76,90.489998,37.6,18.49,384.799988,3.0
2004-05-28,3.525806,2.5,816.51,10400.0,10850.0,0.013149,488.859985,1466.219971,4.66,88.949997,37.0,15.5,394.0,3.0
2004-06-04,3.52,2.5,780.74,9620.0,10600.0,0.012281,470.910004,1455.040039,4.78,88.540001,35.97,16.780001,390.899994,3.0
2004-06-11,3.566667,2.5,751.53,8730.0,11400.0,0.011475,476.279999,1481.27002,4.81,90.010002,35.23,15.04,385.899994,3.0
2004-06-18,3.613333,2.5,741.73,8710.0,10800.0,0.011336,453.079987,1464.650024,4.72,89.080002,35.43,14.99,395.100006,3.0
2004-06-25,3.66,2.5,779.03,9640.0,11700.0,0.012443,478.910004,1498.380005,4.66,88.879997,34.25,15.19,402.899994,3.0
2004-07-02,3.7,2.5,755.42,8880.0,12100.0,0.011727,457.309998,1481.189941,4.48,87.970001,35.36,15.08,398.299988,3.0
2004-07-09,3.7,2.5,747.46,8480.0,11650.0,0.011235,451.140015,1440.0,4.49,87.419998,37.58,15.78,407.5,3.0
2004-07-16,3.7,2.5,739.39,8460.0,10550.0,0.011138,410.459991,1392.170044,4.38,87.139999,38.49,14.34,406.600006,3.0
2004-07-23,3.7,2.5,737.51,8360.0,11000.0,0.011121,405.579987,1375.47998,4.45,89.260002,39.59,16.5,390.5,3.0
2004-07-30,3.7,2.5,735.34,8340.0,9000.0,0.010843,416.429993,1400.390015,4.5,89.959999,41.47,15.32,391.0,3.0
2004-08-06,3.683871,2.25,733.95,8390.0,9050.0,0.010953,386.880005,1315.300049,4.24,88.360001,42.63,19.34,399.799988,3.0
2004-08-13,3.66129,2.25,776.02,8760.0,8820.0,0.011359,366.649994,1307.819946,4.22,87.900002,44.13,17.98,398.899994,3.0
2004-08-20,3.63871,2.25,787.64,8680.0,9330.0,0.011366,386.0,1366.72998,4.24,88.120003,45.46,16.0,413.200012,3.0
2004-08-27,3.616129,2.25,810.3,9170.0,10300.0,0.012026,382.339996,1388.560059,4.23,89.769997,40.72,14.71,403.299988,3.0
2004-09-03,3.606667,2.25,820.69,8730.0,9960.0,0.01165,357.839996,1371.819946,4.3,89.629997,41.07,13.91,400.5,3.0
2004-09-10,3.63,2.25,836.34,9150.0,10200.0,0.012094,383.609985,1413.0,4.19,88.389999,41.03,13.76,401.899994,3.0
2004-09-17,3.653333,2.25,848.11,9390.0,10950.0,0.012555,388.5,1426.300049,4.14,88.910004,43.08,14.03,405.799988,3.0
2004-09-24,3.676667,2.25,832.1,9180.0,10400.0,0.01218,382.549988,1399.050049,4.04,88.400002,46.13,14.28,408.100006,3.0
2004-10-01,3.7,2.25,846.01,9220.0,11100.0,0.012402,401.910004,1452.939941,4.21,87.629997,46.86,12.75,419.5,3.0
2004-10-08,3.7,2.25,881.38,9530.0,14300.0,0.013241,389.519989,1430.959961,4.15,87.449997,49.41,15.05,423.100006,3.0
2004-10-15,3.7,2.25,841.94,8740.0,14200.0,0.012383,381.369995,1430.97998,4.07,87.089996,51.02,15.04,418.700012,3.0
2004-10-22,3.7,2.25,828.17,8750.0,12450.0,0.012015,395.160004,1438.25,4.0,85.870003,52.28,15.28,424.600006,3.0
2004-10-29,3.7,2.25,834.84,8790.0,12700.0,0.01212,412.25,1486.719971,4.05,84.910004,48.16,16.27,428.5,3.0
2004-11-05,3.713333,2.0,860.68,9050.0,12050.0,0.012365,417.829987,1525.23999,4.21,84.010002,44.37,13.84,433.600006,3.0
2004-11-12,3.736667,2.0,876.67,8970.0,11900.0,0.012251,423.809998,1558.410034,4.2,83.690002,41.33,13.33,437.899994,3.0
2004-11-19,3.76,2.0,867.03,9080.0,12150.0,0.0123,431.880005,1552.109985,4.2,83.309998,42.29,13.5,446.799988,3.0
2004-11-26,3.783333,2.0,858.12,8660.0,10550.0,0.011664,430.980011,1578.26001,4.24,81.779999,42.87,12.78,449.299988,3.0
2004-12-03,3.806452,2.0,882.55,8520.0,10650.0,0.011514,445.279999,1614.400024,4.27,80.980003,38.57,12.96,456.0,3.0
2004-12-10,3.829032,2.0,844.85,8120.0,10350.0,0.011027,422.75,1605.160034,4.16,82.550003,37.24,12.76,433.899994,3.0
2004-12-17,3.851613,2.0,875.13,8880.0,11600.0,0.012052,423.75,1596.609985,4.21,82.160004,43.06,11.95,441.600006,3.0
2004-12-24,3.874194,2.0,879.92,8660.0,11000.0,0.011754,426.429993,1613.77002,4.23,81.220001,39.6,11.23,441.899994,3.0
2004-12-31,3.896774,2.0,895.92,9010.0,11650.0,0.012249,433.309998,1621.119995,4.24,80.849998,40.38,13.29,437.5,3.0
2005-01-07,3.86129,2.0,870.84,8810.0,11700.0,0.01203,407.559998,1564.810059,4.29,83.610001,43.28,13.49,418.899994,3.0
2005-01-14,3.816129,2.0,905.1,9430.0,12250.0,0.012748,403.140015,1561.109985,4.23,83.059998,45.26,12.43,422.700012,3.0
2005-01-21,3.770968,2.0,919.61,9720.0,12700.0,0.013197,389.660004,1503.640015,4.16,83.260002,45.88,14.36,426.700012,3.0
2005-01-28,3.725806,2.0,921.59,9780.0,12600.0,0.013199,399.459991,1499.459961,4.16,83.480003,44.75,13.24,425.799988,3.0
2005-02-04,3.7,2.0,933.55,9910.0,12700.0,0.013326,418.160004,1534.48999,4.09,84.389999,43.26,11.21,414.0,3.0
2005-02-11,3.7,2.0,947.23,10120.0,13400.0,0.013595,435.519989,1530.51001,4.1,84.57,44.41,11.43,420.5,3.0
2005-02-18,3.7,2.0,984.1,10540.0,15650.0,0.014297,427.730011,1515.400024,4.27,83.489998,45.86,11.18,427.100006,3.0
2005-02-25,3.7,2.0,996.95,10440.0,15050.0,0.014128,443.700012,1526.900024,4.27,82.660004,50.05,11.49,434.899994,3.0
2005-03-04,3.7,2.0,1012.96,10200.0,13900.0,0.013774,433.380005,1520.579956,4.32,82.540001,52.1,11.94,434.200012,3.0
2005-03-11,3.7,2.0,1022.79,10380.0,14150.0,0.013968,427.880005,1505.640015,4.56,81.419998,53.15,12.8,446.200012,3.0
2005-03-18,3.7,2.0,979.72,9900.0,12850.0,0.013227,414.130005,1484.400024,4.51,82.129997,55.97,13.14,439.299988,3.0
2005-03-25,3.7,2.0,965.3,10100.0,12900.0,0.013503,415.880005,1469.939941,4.6,84.129997,52.35,13.42,424.700012,3.0
2005-04-01,3.7,2.0,981.9,10240.0,13650.0,0.013731,411.220001,1469.349976,4.46,84.43,54.14,14.09,425.899994,3.0
2005-04-08,3.7,2.0,992.17,10440.0,13700.0,0.013993,416.950012,1485.599976,4.5,84.470001,51.83,12.62,426.899994,3.0
2005-04-15,3.7,2.0,947.22,9830.0,13000.0,0.013235,382.640015,1408.589966,4.27,84.559998,49.52,17.74,424.899994,3.0
2005-04-22,3.7,2.0,940.79,9340.0,13000.0,0.012703,389.350006,1421.209961,4.26,83.5,53.51,15.38,434.299988,3.0
2005-04-29,3.7,2.0,911.3,9040.0,12100.0,0.012279,385.649994,1420.790039,4.21,84.43,50.61,15.31,435.0,3.0
2005-05-06,3.716129,2.0,940.85,9480.0,13200.0,0.012818,396.820007,1456.0,4.28,84.610001,49.7,14.05,426.100006,3.0
2005-05-13,3.73871,2.0,923.19,9630.0,14500.0,0.013085,408.230011,1470.630005,4.12,86.099998,46.85,16.32,420.200012,3.0
2005-05-20,3.76129,2.0,952.19,9970.0,14550.0,0.013554,425.230011,1528.060059,4.13,86.629997,46.91,13.14,417.399994,3.0
2005-05-27,3.783871,2.0,960.91,9800.0,15400.0,0.013498,430.429993,1549.800049,4.08,86.419998,49.42,12.15,419.799988,3.0
2005-06-03,3.793333,2.0,976.09,9760.0,16000.0,0.013591,434.26001,1544.47998,3.98,88.040001,51.9,12.15,423.700012,3.0
2005-06-10,3.77,2.0,990.79,9830.0,16100.0,0.013659,430.75,1521.02002,4.05,88.690002,51.98,11.96,427.399994,3.0
2005-06-17,3.746667,2.0,1003.68,9870.0,17400.0,0.013914,430.51001,1538.130005,4.09,87.730003,56.92,11.48,438.299988,3.0
2005-06-24,3.723333,2.0,1002.43,9820.0,17200.0,0.013813,427.0,1500.180054,3.92,88.779999,57.21,12.18,440.5,3.0
2005-07-01,3.7,2.0,1018.02,10020.0,17000.0,0.014009,419.359985,1490.530029,4.06,90.129997,56.41,11.4,427.799988,3.0
2005-07-08,3.677419,2.0,1021.95,10320.0,18850.0,0.014724,442.75,1533.27002,4.11,90.25,59.0,11.45,422.899994,3.0
2005-07-15,3.654839,2.0,1059.6,10840.0,21700.0,0.015644,463.640015,1577.819946,4.18,89.720001,56.98,10.33,420.700012,3.0
2005-07-22,3.632258,2.0,1074.22,11040.0,20550.0,0.015693,475.190002,1600.76001,4.23,89.639999,56.98,10.52,424.700012,3.0
2005-07-29,3.609677,2.0,1111.29,11300.0,23900.0,0.01656,474.440002,1605.140015,4.28,89.349998,59.77,11.57,429.899994,3.0
2005-08-05,3.63871,2.0,1089.36,11060.0,22100.0,0.016049,471.190002,1601.589966,4.4,88.059998,60.73,12.48,437.200012,3.0
2005-08-12,3.706452,2.0,1130.22,11560.0,22050.0,0.016678,462.829987,1591.75,4.24,86.980003,67.26,12.74,445.899994,3.0
2005-08-19,3.774194,2.0,1089.88,11060.0,20800.0,0.015899,462.269989,1573.719971,4.21,88.580002,64.21,13.42,437.200012,3.0
2005-08-26,3.841935,2.0,1086.55,10980.0,20950.0,0.015842,464.019989,1558.839966,4.2,87.860001,66.23,13.72,437.399994,3.0
2005-09-02,3.9,2.0,1115.83,11080.0,22900.0,0.016309,467.420013,1573.119995,4.03,86.300003,65.95,13.57,444.200012,3.0
2005-09-09,3.9,2.0,1152.5,11780.0,21500.0,0.016972,482.160004,1607.829956,4.14,86.889999,62.62,11.98,449.0,3.0
2005-09-16,3.9,2.0,1174.13,11860.0,24000.0,0.017436,474.769989,1599.439941,4.26,88.050003,60.48,11.22,459.5,3.0
2005-09-23,3.9,2.0,1175.88,11700.0,22800.0,0.017088,460.720001,1571.75,4.25,89.209999,62.17,12.96,463.5,3.0
2005-09-30,3.9,2.0,1221.01,11760.0,23000.0,0.017266,475.320007,1601.660034,4.34,89.519997,61.7,11.92,469.0,3.0
2005-10-07,3.841935,2.0,1201.01,11660.0,22500.0,0.017008,461.109985,1555.920044,4.35,89.169998,57.29,14.59,474.700012,3.0
2005-10-14,3.774194,2.0,1190.17,11300.0,23400.0,0.016685,442.690002,1544.290039,4.48,89.349998,58.45,14.87,469.200012,3.0
2005-10-21,3.706452,2.0,1183.48,11280.0,22700.0,0.016509,441.850006,1565.119995,4.39,90.309998,56.94,16.129999,467.0,3.0
2005-10-28,3.63871,2.0,1140.72,10920.0,19000.0,0.015708,424.869995,1557.109985,4.58,89.589996,59.47,14.25,473.0,3.0
2005-11-04,3.59,2.0,1221.98,11980.0,21150.0,0.017265,451.829987,1628.030029,4.66,91.260002,60.48,13.17,456.299988,3.0
2005-11-11,3.566667,2.0,1256.12,12360.0,22700.0,0.0179,461.149994,1653.359985,4.55,91.980003,54.3,11.63,468.299988,3.0
2005-11-18,3.543333,2.0,1272.25,12520.0,23250.0,0.018126,478.459991,1679.849976,4.5,91.93,52.84,11.12,485.600006,3.0
2005-11-25,3.52,2.0,1293.22,12000.0,21150.0,0.01733,484.609985,1701.050049,4.43,92.040001,53.15,10.88,492.100006,3.0
2005-12-02,3.496774,2.0,1310.12,12340.0,23600.0,0.018202,505.589996,1709.099976,4.52,91.949997,54.91,11.01,503.299988,3.0
2005-12-09,3.474194,2.0,1317.42,12420.0,25800.0,0.018722,497.209991,1692.619995,4.54,91.25,57.18,11.69,527.0,3.0
2005-12-16,3.451613,2.0,1321.04,12000.0,28900.0,0.018745,495.290009,1688.680054,4.45,89.699997,58.11,10.68,503.399994,3.0
2005-12-23,3.429032,2.0,1359.53,12900.0,33500.0,0.020156,491.820007,1682.920044,4.38,90.839996,56.28,10.27,503.0,3.0
2005-12-30,3.406452,2.0,1379.37,13160.0,35300.0,0.020711,479.48999,1645.199951,4.39,91.169998,58.34,12.07,517.099976,3.0
2006-01-06,3.432258,2.0,1412.78,13680.0,35100.0,0.021144,519.570007,1734.98999,4.38,88.849998,62.43,11.0,539.700012,3.0
2006-01-13,3.477419,2.0,1416.28,13840.0,38100.0,0.021655,526.640015,1746.780029,4.36,88.889999,61.58,11.23,556.099976,3.0
2006-01-20,3.522581,2.0,1324.78,13740.0,32400.0,0.020694,512.570007,1676.380005,4.37,88.949997,64.92,14.56,553.5,3.0
2006-01-27,3.567742,2.0,1384.56,14400.0,37400.0,0.021817,550.909973,1711.109985,4.52,89.32,64.95,11.97,558.700012,3.0
2006-02-03,3.6,2.5,1333.5,14080.0,35000.0,0.021087,528.77002,1664.530029,4.54,89.889999,62.54,12.96,567.400024,3.0
2006-02-10,3.6,2.5,1335.23,13740.0,34450.0,0.020681,540.390015,1663.75,4.59,90.550003,59.66,12.87,550.200012,3.0
2006-02-17,3.6,2.5,1332.73,13460.0,31100.0,0.019887,535.409973,1675.209961,4.54,90.639999,58.34,12.01,551.799988,3.0
2006-02-24,3.6,2.5,1365.82,13540.0,32800.0,0.020349,524.549988,1676.5,4.58,90.610001,60.13,11.46,558.799988,3.0
2006-03-03,3.593548,2.25,1328.95,13080.0,30450.0,0.019536,537.780029,1684.319946,4.68,89.660004,62.69,11.96,566.0,3.0
2006-03-10,3.570968,2.25,1320.07,12440.0,29400.0,0.018712,502.339996,1648.22998,4.76,90.849998,59.04,11.85,539.900024,3.0
2006-03-17,3.548387,2.25,1341.12,12740.0,28600.0,0.018993,496.369995,1685.660034,4.68,88.919998,63.54,12.12,554.099976,3.0
2006-03-24,3.525806,2.25,1321.23,12180.0,26550.0,0.018111,504.839996,1679.810059,4.67,90.07,62.78,11.19,560.0,3.0
2006-03-31,3.503226,2.25,1359.6,12600.0,28950.0,0.018842,499.649994,1703.660034,4.86,89.730003,66.06,11.39,581.799988,3.0
2006-04-07,3.48,2.25,1402.36,13080.0,30900.0,0.019695,514.940002,1723.030029,4.97,89.629997,67.11,12.26,588.400024,3.0
2006-04-14,3.456667,2.25,1432.72,13120.0,32500.0,0.019987,507.959991,1712.069946,5.05,89.620003,69.39,12.38,596.5,3.0
2006-04-21,3.433333,2.25,1451.31,13800.0,34300.0,0.020894,518.419983,1709.02002,5.01,88.050003,73.94,11.59,632.200012,3.0
2006-04-28,3.41,2.25,1419.73,12880.0,32950.0,0.019643,516.909973,1700.709961,5.07,86.110001,72.15,11.59,651.799988,3.0
2006-05-05,3.412903,2.25,1441.02,12920.0,31000.0,0.019425,528.940002,1713.839966,5.12,85.120003,71.22,11.62,682.200012,3.0
2006-05-12,3.435484,2.25,1445.2,13080.0,32750.0,0.019785,491.619995,1635.810059,5.19,83.959999,71.3,14.19,710.299988,3.0
2006-05-19,3.458065,2.25,1372.29,12760.0,34100.0,0.019611,489.670013,1600.859985,5.05,84.879997,66.93,17.18,656.700012,3.0
2006-05-26,3.480645,2.25,1322.43,12420.0,32550.0,0.018894,466.769989,1606.369995,5.06,85.260002,69.88,14.26,650.900024,3.0
2006-06-02,3.5,2.5,1309.04,12280.0,31750.0,0.01853,474.649994,1612.900024,5.0,84.050003,68.42,14.32,635.5,3.0
2006-06-09,3.5,2.5,1235.65,11500.0,30050.0,0.017699,444.160004,1550.969971,4.98,85.720001,69.13,18.120001,608.200012,3.0
2006-06-16,3.5,2.5,1262.19,11420.0,29700.0,0.017618,453.529999,1562.839966,5.13,85.919998,65.01,17.25,578.0,3.0
2006-06-23,3.5,2.5,1228.62,11360.0,27100.0,0.017217,445.410004,1551.050049,5.23,86.82,69.91,15.89,584.799988,3.0
2006-06-30,3.5,2.5,1295.15,12060.0,30750.0,0.018476,441.720001,1575.22998,5.15,85.220001,73.2,13.08,613.5,3.0
2006-07-07,3.5,2.5,1273.93,12020.0,30350.0,0.018246,424.23999,1533.709961,5.14,84.980003,74.14,13.97,632.799988,3.0
2006-07-14,3.5,2.5,1255.13,11680.0,30900.0,0.01776,409.01001,1462.170044,5.07,86.089996,76.13,18.049999,666.599976,3.0
2006-07-21,3.5,2.5,1271.33,11880.0,32100.0,0.018216,384.880005,1451.880005,5.05,85.93,72.96,17.4,619.599976,3.0
2006-07-28,3.5,2.5,1297.07,12020.0,31950.0,0.018343,412.209991,1510.300049,5.0,85.440002,73.95,14.33,634.799988,3.0
2006-08-04,3.5,2.75,1304.51,12300.0,33650.0,0.018957,411.029999,1503.839966,4.91,84.57,76.53,14.34,644.0,3.0
2006-08-11,3.5,2.75,1292.1,12140.0,32550.0,0.018608,405.390015,1486.73999,4.97,85.519997,75.19,14.3,633.5,3.0
2006-08-18,3.5,2.75,1331.1,13120.0,34900.0,0.019962,445.869995,1576.459961,4.84,85.089996,71.3,11.64,612.099976,3.0
2006-08-25,3.5,2.75,1329.35,12920.0,35750.0,0.0199,433.690002,1557.699951,4.79,85.379997,72.58,12.31,622.0,3.0
2006-09-01,3.5,2.75,1356.67,13060.0,37500.0,0.020358,444.519989,1589.469971,4.73,84.940002,70.49,11.96,624.400024,3.0
2006-09-08,3.523333,2.75,1354.89,12940.0,37000.0,0.020164,438.690002,1574.709961,4.78,85.949997,64.3,13.16,609.599976,3.0
2006-09-15,3.546667,2.75,1361.1,13120.0,39100.0,0.020677,464.390015,1632.439941,4.8,85.989998,60.23,11.76,576.400024,3.0
2006-09-22,3.57,2.75,1348.38,13080.0,36750.0,0.020237,449.299988,1622.369995,4.6,85.199997,58.81,12.59,589.400024,3.0
2006-09-29,3.593333,2.75,1371.41,13280.0,37450.0,0.020527,454.700012,1654.130005,4.64,85.970001,59.09,11.98,598.599976,3.0
2006-10-06,3.583871,2.75,1352.0,12960.0,36600.0,0.020044,451.320007,1684.880005,4.7,86.440002,56.9,11.56,572.400024,3.0
2006-10-13,3.56129,2.75,1348.6,12880.0,37300.0,0.020048,471.269989,1727.209961,4.81,87.120003,58.97,10.75,588.799988,3.0
2006-10-20,3.53871,2.75,1364.24,12640.0,36100.0,0.019574,447.230011,1709.579956,4.79,86.269997,57.94,10.63,593.0,3.0
2006-10-27,3.516129,2.75,1369.09,12400.0,34350.0,0.019107,452.309998,1717.609985,4.68,85.559998,57.99,10.8,598.200012,3.0
2006-11-03,3.493333,2.75,1383.88,12220.0,33700.0,0.018766,449.170013,1703.97998,4.72,85.709999,56.55,11.16,626.900024,3.0
2006-11-10,3.47,2.75,1395.73,12580.0,34200.0,0.01919,461.320007,1751.109985,4.59,85.050003,59.18,10.79,628.400024,3.0
2006-11-17,3.446667,2.75,1412.22,13140.0,35850.0,0.019974,483.25,1800.670044,4.61,85.370003,57.01,10.05,621.5,3.0
2006-11-24,3.423333,2.75,1421.73,13040.0,35650.0,0.019678,489.329987,1815.530029,4.55,83.709999,60.72,10.73,628.700012,3.0
2006-12-01,3.4,2.75,1434.36,12800.0,36050.0,0.019535,474.089996,1775.119995,4.43,82.480003,64.74,11.66,644.700012,3.0
2006-12-08,3.4,2.75,1390.43,12240.0,34900.0,0.018619,477.380005,1786.209961,4.56,83.330002,63.67,12.07,626.099976,3.0
2006-12-15,3.4,2.75,1421.87,12180.0,36200.0,0.018831,475.839996,1808.560059,4.6,84.059998,62.91,10.05,615.0,3.0
2006-12-22,3.4,2.75,1437.49,12220.0,36200.0,0.018898,463.670013,1748.609985,4.63,83.940002,61.92,11.36,619.099976,3.0
2006-12-29,3.4,2.75,1434.46,12260.0,36500.0,0.018933,467.040009,1756.900024,4.71,83.720001,58.96,11.56,635.200012,3.0
2007-01-05,3.374194,2.75,1385.76,11900.0,37450.0,0.018622,469.089996,1785.300049,4.65,84.629997,52.82,12.14,604.900024,3.0
2007-01-12,3.329032,2.75,1388.37,12120.0,36400.0,0.018665,482.51001,1844.810059,4.77,85.029999,49.95,10.15,625.5,3.0
2007-01-19,3.283871,2.75,1360.56,11700.0,32150.0,0.017726,456.829987,1796.810059,4.78,84.860001,52.29,10.4,635.5,3.0
2007-01-26,3.23871,2.75,1371.33,11760.0,33050.0,0.017983,462.779999,1772.969971,4.88,85.279999,55.29,11.13,644.5,3.0
2007-02-02,3.2,2.75,1413.14,11760.0,32150.0,0.017986,466.48999,1798.130005,4.83,84.959999,56.93,10.08,646.200012,3.0
2007-02-09,3.2,2.75,1427.68,11660.0,31650.0,0.017764,462.320007,1785.530029,4.79,84.870003,57.21,11.1,667.5,3.0
2007-02-16,3.2,2.75,1448.81,11840.0,31950.0,0.018103,472.25,1821.48999,4.69,84.089996,56.78,10.02,668.799988,3.0
2007-02-23,3.2,2.75,1469.88,11840.0,32250.0,0.018147,488.5,1839.77002,4.68,84.07,60.38,10.58,683.099976,3.0
2007-03-02,3.203226,2.75,1414.47,11340.0,31150.0,0.017421,461.339996,1726.030029,4.52,83.739998,61.92,18.610001,641.5,3.0
2007-03-09,3.225806,2.75,1423.58,11740.0,32500.0,0.017937,475.049988,1744.73999,4.59,84.239998,60.25,14.09,650.0,3.0
2007-03-16,3.248387,2.75,1427.88,11780.0,31650.0,0.017892,471.98999,1742.22998,4.55,83.230003,60.93,16.790001,652.599976,3.0
2007-03-23,3.270968,2.75,1447.38,11600.0,32550.0,0.01777,479.269989,1794.040039,4.62,83.279999,63.1,12.95,656.700012,3.0
2007-03-30,3.293548,2.75,1452.55,11260.0,32400.0,0.017396,465.570007,1772.359985,4.65,82.93,68.47,14.64,663.0,3.0
2007-04-06,3.3,2.75,1484.15,11740.0,33400.0,0.017986,475.600006,1812.939941,4.76,82.68,69.15,13.23,674.200012,3.0
2007-04-13,3.3,2.75,1520.78,12040.0,34100.0,0.018344,472.380005,1816.849976,4.76,82.129997,68.78,12.2,685.400024,3.0
2007-04-20,3.3,2.75,1533.08,11460.0,32350.0,0.017487,487.309998,1845.890015,4.68,81.639999,66.34,12.07,692.0,3.0
2007-04-27,3.3,2.75,1542.52,11600.0,32050.0,0.017408,498.670013,1891.060059,4.71,81.529999,67.28,12.45,678.700012,3.0
2007-05-04,3.290323,2.75,1567.74,11520.0,31850.0,0.01745,505.609985,1895.699951,4.65,81.739998,65.14,12.91,687.200012,3.0
2007-05-11,3.267742,2.75,1603.56,11460.0,31700.0,0.017389,504.859985,1898.790039,4.67,82.120003,65.18,12.95,670.599976,3.0
2007-05-18,3.245161,2.75,1612.25,11080.0,29300.0,0.016763,491.709991,1896.930054,4.81,82.199997,69.26,12.76,661.0,3.0
2007-05-25,3.222581,2.75,1644.56,11040.0,29900.0,0.016915,480.630005,1889.25,4.86,82.330002,70.72,13.34,655.099976,3.0
2007-06-01,3.2,2.75,1716.24,11120.0,30300.0,0.016978,489.980011,1928.26001,4.95,82.32,68.65,12.78,671.200012,3.0
2007-06-08,3.223333,2.75,1727.28,11440.0,31550.0,0.017665,488.359985,1906.26001,5.12,82.690002,70.04,14.84,645.5,3.0
2007-06-15,3.246667,2.75,1772.26,11480.0,30600.0,0.017685,502.48999,1942.410034,5.16,82.849998,71.63,13.94,654.5,3.0
2007-06-22,3.27,2.75,1770.98,11820.0,34700.0,0.018526,504.730011,1921.939941,5.14,82.339996,72.04,15.75,653.5,3.0
2007-06-29,3.293333,2.75,1743.6,11320.0,33350.0,0.01781,501.160004,1934.099976,5.03,81.919998,72.22,16.23,648.099976,3.0
2007-07-06,3.283871,3.0,1861.01,12540.0,37600.0,0.019677,514.650024,1988.310059,5.19,81.459999,76.58,14.72,652.700012,3.0
2007-07-13,3.26129,3.0,1962.93,13740.0,39100.0,0.021005,529.890015,2032.160034,5.11,80.580002,78.12,15.15,665.799988,3.0
2007-07-20,3.23871,3.0,1983.54,13220.0,39200.0,0.020594,536.869995,2035.880005,4.96,80.290001,79.09,16.950001,683.900024,3.0
2007-07-27,3.216129,3.0,1883.22,11920.0,36350.0,0.019049,502.279999,1956.189941,4.8,80.949997,76.58,24.17,660.0,3.0
2007-08-03,3.2,3.25,1876.8,11800.0,37100.0,0.01892,487.630005,1918.560059,4.71,80.18,75.36,25.16,672.5,3.0
2007-08-10,3.2,3.25,1828.49,12060.0,37300.0,0.019011,504.279999,1925.140015,4.81,80.68,69.57,28.299999,670.299988,3.0
2007-08-17,3.2,3.25,1638.07,11440.0,35300.0,0.018083,487.809998,1888.780029,4.68,81.43,69.8,29.99,656.900024,3.0
2007-08-24,3.2,3.25,1791.33,11720.0,35550.0,0.018373,495.720001,1961.380005,4.63,80.669998,69.49,20.719999,668.0,3.0
2007-08-31,3.2,3.25,1873.24,11820.0,33750.0,0.018236,497.440002,1988.72998,4.54,80.790001,72.29,23.379999,673.0,3.0
2007-09-07,3.2,3.25,1884.9,11500.0,31000.0,0.01765,492.950012,1958.349976,4.38,79.959999,75.08,26.23,700.799988,3.0
2007-09-14,3.2,3.25,1870.02,11120.0,30400.0,0.017107,487.0,2000.819946,4.47,79.620003,78.27,24.92,709.599976,3.0
2007-09-21,3.2,3.25,1919.26,10680.0,29200.0,0.016584,501.130005,2049.47998,4.64,78.599998,78.91,19.0,731.400024,3.0
2007-09-28,3.2,3.25,1946.48,11500.0,31300.0,0.017766,500.089996,2091.110107,4.59,77.720001,80.97,18.0,742.799988,3.0
2007-10-05,3.212903,3.25,1996.03,11060.0,29400.0,0.016946,498.850006,2149.669922,4.65,78.309998,79.05,16.91,741.299988,3.0
2007-10-12,3.235484,3.25,2026.44,11140.0,28300.0,0.016792,487.429993,2177.98999,4.7,78.220001,80.82,17.73,748.700012,3.0
2007-10-19,3.258065,3.25,1970.1,10800.0,26000.0,0.016114,475.01001,2131.080078,4.41,77.410004,84.25,22.959999,764.0,3.0
2007-10-26,3.280645,3.25,2028.06,10640.0,26350.0,0.016041,451.929993,2194.590088,4.41,77.029999,84.71,19.559999,783.900024,3.0
2007-11-02,3.293333,3.25,2019.34,10800.0,24100.0,0.015859,457.929993,2213.860107,4.31,76.339996,92.11,23.01,805.700012,3.0
2007-11-09,3.246667,3.25,1990.47,10800.0,23450.0,0.015903,436.299988,2034.300049,4.23,75.400002,92.32,28.5,832.5,3.0
2007-11-16,3.2,3.25,1926.2,11140.0,23750.0,0.016345,426.290009,2048.620117,4.15,75.830002,91.99,25.49,785.700012,3.0
2007-11-23,3.153333,3.25,1772.88,11140.0,22700.0,0.016267,413.480011,2028.900024,4.01,75.050003,95.33,25.610001,824.0,3.0
2007-11-30,3.106667,3.25,1906.0,11300.0,25900.0,0.016744,414.579987,2089.100098,3.97,76.150002,88.71,22.870001,782.200012,3.0
2007-12-07,3.080645,3.25,1934.32,12160.0,27500.0,0.017935,429.070007,2130.0,4.12,76.290001,88.46,20.85,794.400024,3.0
2007-12-14,3.058065,3.25,1895.05,11620.0,25550.0,0.01712,414.130005,2072.110107,4.24,77.440002,91.86,23.27,793.299988,3.0
2007-12-21,3.035484,3.25,1878.32,11200.0,24700.0,0.016625,416.140015,2111.77002,4.18,77.720001,91.03,18.469999,811.599976,3.0
2007-12-28,3.012903,3.25,1897.13,11120.0,25950.0,0.016652,409.98999,2107.050049,4.11,76.220001,95.92,20.74,839.599976,3.0
2008-01-04,3.0,3.25,1863.9,10780.0,24400.0,0.016084,372.850006,1963.52002,3.88,75.790001,96.87,23.940001,863.099976,3.0
2008-01-11,3.0,3.25,1782.27,10320.0,23700.0,0.015395,353.890015,1912.810059,3.82,75.980003,91.86,23.68,896.099976,3.0
2008-01-18,3.0,3.25,1734.72,11340.0,24500.0,0.01649,358.269989,1844.089966,3.66,76.379997,89.66,27.18,880.799988,3.0
2008-01-25,3.0,3.25,1692.41,11220.0,25150.0,0.016666,354.5,1789.170044,3.61,75.970001,90.96,29.08,910.5,3.0
2008-02-01,3.0,3.25,1634.53,11720.0,25300.0,0.01715,379.730011,1855.27002,3.62,75.449997,91.41,24.02,908.700012,3.0
2008-02-08,3.0,3.25,1696.57,12260.0,26050.0,0.017772,349.73999,1773.73999,3.64,76.669998,91.45,28.01,918.400024,3.0
2008-02-15,3.0,3.25,1694.77,11720.0,26000.0,0.017164,347.559998,1780.380005,3.76,76.099998,96.96,25.02,902.799988,3.0
2008-02-22,3.0,3.25,1686.45,11640.0,23750.0,0.016711,351.880005,1773.439941,3.79,75.519997,96.07,24.059999,944.700012,3.0
2008-02-29,3.0,3.25,1711.62,11200.0,24550.0,0.016392,348.049988,1745.27002,3.53,73.709999,100.9,26.540001,972.099976,3.0
2008-03-07,3.019355,3.25,1663.97,11000.0,24050.0,0.016054,344.619995,1707.5,3.56,73.029999,104.66,27.49,972.200012,3.0
2008-03-14,3.041935,3.25,1600.26,10940.0,23800.0,0.01613,338.579987,1713.829956,3.44,71.660004,109.16,31.16,998.200012,3.0
2008-03-21,3.064516,3.25,1645.69,12140.0,26250.0,0.017727,339.890015,1751.98999,3.34,72.75,99.78,26.620001,919.599976,3.0
2008-03-28,3.087097,3.25,1701.83,12260.0,26300.0,0.018059,339.279999,1767.569946,3.47,71.68,102.68,25.709999,930.599976,3.0
2008-04-04,3.11,3.25,1766.49,13000.0,28000.0,0.018989,369.070007,1865.869995,3.5,72.019997,102.21,22.450001,909.0,3.0
2008-04-11,3.133333,3.25,1779.71,13600.0,28950.0,0.01984,358.679993,1798.719971,3.49,71.809998,107.15,23.459999,923.599976,3.0
2008-04-18,3.156667,3.25,1771.9,13300.0,28300.0,0.019419,377.339996,1900.280029,3.77,72.010002,110.67,20.129999,912.200012,3.0
2008-04-25,3.18,3.25,1824.68,13800.0,28100.0,0.019957,391.170013,1918.579956,3.91,72.790001,116.62,19.59,887.200012,3.0
2008-05-02,3.196774,3.25,1848.27,14620.0,27950.0,0.020848,399.850006,1981.869995,3.89,73.5,111.92,18.18,856.099976,3.0
2008-05-09,3.174194,3.25,1823.7,14180.0,29200.0,0.02064,398.5,1960.290039,3.77,73.050003,123.54,19.41,884.5,3.0
2008-05-16,3.151613,3.25,1888.88,15200.0,30600.0,0.021854,421.670013,2031.27002,3.85,72.839996,122.98,16.469999,899.0,3.0
2008-05-23,3.129032,3.25,1827.94,14140.0,29400.0,0.020556,400.149994,1958.959961,3.85,71.889999,129.72,19.549999,925.599976,3.0
2008-05-30,3.106452,3.25,1852.02,14820.0,31000.0,0.021356,415.200012,2032.569946,4.06,72.879997,127.85,17.83,887.299988,3.0
2008-06-06,3.1,3.25,1832.31,14180.0,31300.0,0.020654,405.480011,1990.390015,3.94,72.389999,132.81,23.559999,895.400024,3.0
2008-06-13,3.1,3.25,1747.35,13480.0,29350.0,0.019677,393.809998,1966.01001,4.27,74.150002,134.29,21.219999,870.299988,3.0
2008-06-20,3.1,3.25,1731.0,13360.0,27950.0,0.019338,383.109985,1928.390015,4.16,73.029999,134.28,22.870001,901.299988,3.0
2008-06-27,3.1,3.25,1684.45,12860.0,25950.0,0.018401,369.089996,1855.719971,3.99,72.360001,139.38,23.440001,929.299988,3.0
2008-07-04,3.119355,3.25,1577.94,12320.0,23350.0,0.017523,354.619995,1816.349976,3.99,72.739998,143.95,24.780001,931.900024,3.0
2008-07-11,3.164516,3.25,1567.51,11360.0,23750.0,0.016604,346.640015,1810.880005,3.96,72.099998,143.68,27.49,959.5,3.0
2008-07-18,3.209677,3.25,1509.99,11640.0,22650.0,0.016641,365.890015,1823.22998,4.11,72.190002,129.34,24.049999,957.299988,3.0
2008-07-25,3.254839,3.25,1597.93,11520.0,23350.0,0.016719,337.630005,1846.550049,4.13,72.860001,124.7,22.91,926.599976,3.0
2008-08-01,3.3,3.5,1573.77,11300.0,21050.0,0.016194,338.190002,1826.560059,3.97,73.419998,124.16,22.57,909.0,3.0
2008-08-08,3.277419,3.5,1568.72,11460.0,22600.0,0.016561,367.190002,1926.22998,3.94,75.849998,113.03,20.66,857.799988,3.0
2008-08-15,3.254839,3.5,1572.19,11600.0,23500.0,0.016858,376.429993,1957.560059,3.84,77.18,108.8,19.58,786.0,3.0
2008-08-22,3.232258,3.5,1496.91,11140.0,20950.0,0.015976,366.200012,1931.469971,3.87,76.809998,113.99,18.809999,827.400024,3.0
2008-08-29,3.209677,3.5,1474.24,10320.0,19400.0,0.015058,352.820007,1872.540039,3.83,77.379997,113.49,20.65,829.299988,3.0
2008-09-05,3.213333,3.5,1404.38,10440.0,17300.0,0.01489,331.290009,1768.22998,3.66,78.93,102.51,23.059999,797.599976,3.0
2008-09-12,3.236667,3.5,1477.92,10860.0,20400.0,0.015676,322.130005,1767.130005,3.74,78.970001,94.37,25.66,760.299988,3.0
2008-09-19,3.26,3.5,1455.78,11160.0,20050.0,0.015908,333.910004,1745.060059,3.78,77.68,93.46,32.07,860.599976,3.0
2008-09-26,3.283333,3.5,1476.33,11060.0,19400.0,0.015826,321.619995,1672.040039,3.85,76.949997,100.88,34.740002,882.900024,3.0
2008-10-03,3.306452,2.5,1419.65,10560.0,19000.0,0.015287,284.73999,1470.839966,3.63,80.309998,88.95,45.139999,828.900024,3.0
2008-10-10,3.329032,2.5,1241.47,10420.0,15200.0,0.014531,246.110001,1269.800049,3.89,83.0,74.58,69.949997,855.400024,3.0
2008-10-17,3.351613,2.5,1180.67,10020.0,14900.0,0.013598,239.130005,1311.719971,3.98,82.410004,66.05,70.330002,785.099976,3.0
2008-10-24,3.374194,2.5,938.75,8040.0,8850.0,0.010583,212.330002,1202.27002,3.76,86.440002,60.57,79.129997,729.099976,3.0
2008-10-31,3.396774,2.5,1113.06,10540.0,10500.0,0.013714,239.470001,1334.780029,4.01,85.629997,60.0,59.889999,716.799988,3.0
2008-11-07,3.4,2.25,1134.49,9790.0,11000.0,0.012904,223.190002,1271.619995,3.83,85.910004,56.84,56.099998,733.200012,3.0
2008-11-14,3.4,2.25,1088.26,9260.0,9710.0,0.012004,201.380005,1179.630005,3.72,86.360001,50.7,66.309998,742.400024,3.0
2008-11-21,3.4,2.25,1003.73,8880.0,6750.0,0.011184,180.220001,1085.569946,3.2,88.190002,44.91,72.669998,791.700012,3.0
2008-11-28,3.4,2.25,1076.07,9720.0,7490.0,0.011953,198.240005,1185.75,2.93,86.519997,47.72,55.279999,816.200012,3.0
2008-12-05,3.387097,1.75,1028.13,8540.0,7560.0,0.010728,192.559998,1177.869995,2.67,87.120003,37.04,59.93,750.5,3.0
2008-12-12,3.364516,1.75,1103.82,9210.0,6380.0,0.011326,212.940002,1206.650024,2.6,83.639999,42.38,54.279999,818.900024,3.0
2008-12-19,3.341935,1.75,1180.97,9790.0,8590.0,0.012296,211.839996,1217.189941,2.13,81.300003,39.52,44.93,836.400024,3.0
2008-12-26,3.319355,1.75,1117.86,9120.0,6930.0,0.01117,202.0,1185.439941,2.16,80.889999,33.73,43.380001,870.400024,3.0
2009-01-02,3.3,1.5,1157.4,9400.0,7180.0,0.011606,221.910004,1263.699951,2.46,81.839996,42.94,39.189999,878.799988,3.0
2009-01-09,3.3,1.5,1180.96,9860.0,7340.0,0.012252,215.279999,1223.01001,2.43,82.660004,42.34,42.82,854.299988,3.0
2009-01-16,3.3,1.5,1135.2,9360.0,7000.0,0.011592,214.419998,1198.140015,2.36,84.209999,43.42,46.110001,839.299988,3.0
2009-01-23,3.3,1.5,1093.4,8840.0,7010.0,0.011042,208.279999,1175.890015,2.65,85.610001,43.13,47.27,895.299988,3.0
2009-01-30,3.3,1.5,1162.11,9780.0,8940.0,0.0124,208.259995,1180.25,2.87,86.0,44.17,44.84,927.299988,3.0
2009-02-06,3.335714,1.25,1210.26,10900.0,9380.0,0.013759,229.179993,1277.48999,3.05,85.349998,44.49,43.369999,913.900024,3.0
2009-02-13,3.385714,1.25,1192.44,10280.0,9250.0,0.013096,220.550003,1236.849976,2.89,86.040001,43.36,42.93,941.5,3.0
2009-02-20,3.435714,1.25,1065.95,9350.0,7880.0,0.011815,197.279999,1172.709961,2.78,86.489998,42.19,49.299999,1001.799988,3.0
2009-02-27,3.485714,1.25,1063.03,9540.0,8640.0,0.012166,199.0,1116.98999,3.02,88.010002,44.41,46.349998,941.5,3.0
2009-03-06,3.532258,1.25,1055.03,10000.0,8320.0,0.012632,195.009995,1064.699951,2.83,88.510002,43.48,49.330002,942.099976,3.0
2009-03-13,3.577419,1.25,1126.03,10560.0,9360.0,0.013362,220.110001,1168.52002,2.89,87.43,44.97,42.360001,929.799988,3.0
2009-03-20,3.622581,1.25,1170.94,10840.0,9610.0,0.013676,218.710007,1187.180054,2.65,83.839996,49.27,45.889999,955.799988,3.0
2009-03-27,3.667742,1.25,1237.51,11680.0,12000.0,0.014914,241.320007,1251.469971,2.78,85.110001,50.81,41.040001,923.0,3.0
2009-04-03,3.713333,1.25,1283.75,11860.0,12600.0,0.015387,251.039993,1316.160034,2.91,84.169998,50.48,39.700001,895.599976,3.0
2009-04-10,3.76,1.25,1336.04,12060.0,13500.0,0.015806,254.410004,1340.280029,2.96,85.790001,52.33,36.529999,882.200012,3.0
2009-04-17,3.806667,1.25,1329.0,11940.0,14400.0,0.015819,254.809998,1353.920044,2.98,85.980003,52.02,33.939999,867.400024,3.0
2009-04-24,3.853333,1.25,1354.1,11840.0,15100.0,0.015855,253.649994,1373.280029,3.03,84.709999,50.29,36.82,913.599976,3.0
2009-05-01,3.9,1.25,1369.36,11840.0,14400.0,0.015831,258.190002,1396.619995,3.21,84.550003,51.75,35.299999,887.599976,3.0
2009-05-08,3.9,1.25,1412.13,11380.0,13900.0,0.015208,249.649994,1394.160034,3.29,82.529999,56.02,32.049999,914.400024,3.0
2009-05-15,3.9,1.25,1391.73,11100.0,13300.0,0.014792,242.679993,1355.109985,3.14,83.019997,56.33,33.119999,930.900024,3.0
2009-05-22,3.9,1.25,1403.75,11000.0,12650.0,0.014641,250.460007,1363.170044,3.45,79.959999,58.7,32.630001,958.5,3.0
2009-05-29,3.9,1.25,1395.89,11160.0,12900.0,0.015002,271.309998,1435.569946,3.47,80.43,64.98,28.92,978.799988,3.0
2009-06-05,3.886667,1.25,1394.71,11380.0,14050.0,0.015458,270.73999,1493.209961,3.84,80.669998,67.77,29.620001,961.700012,3.0
2009-06-12,3.863333,1.25,1428.59,11680.0,12950.0,0.015626,274.790009,1489.969971,3.81,80.139999,70.62,28.15,940.099976,3.0
2009-06-19,3.84,1.25,1383.34,11240.0,13250.0,0.015235,264.470001,1471.22998,3.79,80.260002,70.48,27.99,935.599976,3.0
2009-06-26,3.816667,1.25,1394.53,11920.0,13850.0,0.016046,263.049988,1480.199951,3.52,79.879997,68.1,25.93,940.700012,3.0
2009-07-03,3.806452,1.25,1420.04,12020.0,14950.0,0.016225,263.809998,1446.280029,3.51,80.150002,65.74,27.950001,930.700012,3.0
2009-07-10,3.829032,1.25,1428.62,12900.0,14850.0,0.017237,259.040009,1419.839966,3.32,80.230003,58.43,29.02,912.200012,3.0
2009-07-17,3.851613,1.25,1440.1,13400.0,15600.0,0.017844,290.48999,1527.26001,3.67,79.349998,63.54,24.34,937.200012,3.0
2009-07-24,3.874194,1.25,1502.59,13660.0,16350.0,0.018348,300.880005,1599.060059,3.7,78.75,68.82,23.09,952.799988,3.0
2009-07-31,3.896774,1.25,1557.29,14480.0,17600.0,0.019509,301.73999,1603.359985,3.52,78.349998,70.08,25.92,953.700012,3.0
2009-08-07,3.841935,1.25,1576.0,14320.0,18150.0,0.019512,298.529999,1619.48999,3.89,78.970001,74.21,24.76,957.299988,3.0
2009-08-14,3.774194,1.25,1591.41,14620.0,19150.0,0.020004,294.649994,1611.579956,3.55,78.889999,71.33,24.27,947.0,3.0
2009-08-21,3.706452,1.25,1580.98,15140.0,19700.0,0.020935,301.299988,1637.780029,3.56,78.040001,73.71,25.01,953.200012,3.0
2009-08-28,3.63871,1.25,1607.94,15280.0,21350.0,0.021311,311.179993,1643.23999,3.46,78.370003,72.8,24.76,957.0,3.0
2009-09-04,3.6,1.25,1608.9,15340.0,20800.0,0.021423,309.73999,1638.069946,3.45,78.139999,65.84,25.26,994.900024,3.0
2009-09-11,3.6,1.25,1651.7,15860.0,21100.0,0.021818,321.23999,1685.459961,3.34,76.610001,68.76,24.15,1004.900024,3.0
2009-09-18,3.6,1.25,1699.71,16120.0,20400.0,0.022161,326.480011,1725.23999,3.49,76.43,70.72,23.92,1009.200012,3.0
2009-09-25,3.6,1.25,1691.48,15900.0,18950.0,0.022024,321.049988,1694.150024,3.34,76.809998,64.6,25.610001,990.200012,3.0
2009-10-02,3.603226,1.25,1644.63,15840.0,19650.0,0.021602,306.589996,1662.48999,3.24,77.0,66.5,28.68,1003.200012,3.0
2009-10-09,3.625806,1.25,1646.79,15100.0,19650.0,0.020958,326.440002,1727.76001,3.4,76.43,69.45,23.120001,1047.800049,3.0
2009-10-16,3.648387,1.25,1640.36,14920.0,19800.0,0.020623,322.829987,1739.319946,3.43,75.599998,74.58,21.43,1050.699951,3.0
2009-10-23,3.670968,1.25,1640.17,14900.0,18750.0,0.020805,316.410004,1753.630005,3.51,75.470001,77.72,22.27,1055.599976,3.0
2009-10-30,3.693548,1.25,1580.69,14460.0,18050.0,0.020285,296.609985,1667.130005,3.41,76.300003,74.91,30.690001,1039.699951,3.0
2009-11-06,3.683333,1.25,1572.46,14440.0,19050.0,0.020215,301.76001,1730.76001,3.54,75.82,75.51,24.190001,1095.099976,3.0
2009-11-13,3.66,1.25,1571.99,14280.0,18850.0,0.019912,317.5,1788.609985,3.43,75.330002,74.81,23.360001,1116.099976,3.0
2009-11-20,3.636667,1.25,1620.6,15100.0,19150.0,0.020793,307.970001,1764.390015,3.36,75.660004,75.61,22.190001,1146.400024,3.0
2009-11-27,3.613333,1.25,1524.5,14240.0,18450.0,0.019602,309.820007,1765.459961,3.21,75.0,76.0,24.74,1174.199951,3.0
2009-12-04,3.706452,1.25,1624.76,15240.0,19700.0,0.021068,335.209991,1791.910034,3.48,75.910004,77.74,21.25,1168.800049,3.0
2009-12-11,3.954839,1.25,1656.9,15700.0,20900.0,0.02186,335.23999,1792.060059,3.55,76.57,70.07,21.59,1119.400024,3.0
2009-12-18,4.203226,1.25,1647.04,15460.0,21650.0,0.021785,344.829987,1807.359985,3.55,77.82,71.87,21.68,1110.800049,3.0
2009-12-25,4.451613,1.25,1682.34,15800.0,22300.0,0.022529,361.059998,1869.839966,3.82,77.839996,75.15,19.469999,1104.099976,3.0
2010-01-01,4.7,1.25,1682.77,15980.0,23150.0,0.022812,359.910004,1860.310059,3.85,77.860001,77.91,21.68,1095.199951,3.0
2010-01-08,4.541935,1.25,1695.26,16420.0,24650.0,0.022912,367.679993,1892.589966,3.83,77.470001,80.06,18.129999,1138.199951,3.0
2010-01-15,4.383871,1.25,1701.8,16840.0,26100.0,0.023575,344.670013,1864.52002,3.7,77.32,76.85,17.91,1130.099976,3.0
2010-01-22,4.225806,1.25,1684.35,16500.0,26100.0,0.023291,329.48999,1794.819946,3.62,78.279999,72.73,27.309999,1089.199951,3.0
2010-01-29,4.067742,1.25,1602.43,15680.0,22750.0,0.02219,316.070007,1741.040039,3.63,79.459999,71.2,24.620001,1083.0,3.0
2010-02-05,3.942857,1.25,1567.12,15000.0,21300.0,0.021426,320.01001,1746.119995,3.59,80.440002,70.11,26.110001,1052.199951,3.0
2010-02-12,3.842857,1.25,1593.66,15000.0,21600.0,0.02148,332.839996,1779.109985,3.69,80.32,71.49,22.73,1089.5,3.0
2010-02-19,3.742857,1.25,1593.9,15200.0,21400.0,0.021601,343.540009,1823.319946,3.78,80.639999,76.88,20.02,1121.300049,3.0
2010-02-26,3.642857,1.25,1594.58,14880.0,21000.0,0.021253,338.859985,1818.680054,3.61,80.360001,76.36,19.5,1118.300049,3.0
2010-03-05,3.6,1.25,1634.57,15500.0,22500.0,0.022033,351.529999,1888.560059,3.69,80.43,79.2,17.42,1134.800049,3.0
2010-03-12,3.6,1.25,1662.74,15560.0,23250.0,0.02196,355.369995,1924.430054,3.71,79.830002,79.38,17.58,1101.5,3.0
2010-03-19,3.6,1.25,1686.11,16080.0,24350.0,0.022851,355.670013,1932.430054,3.7,80.720001,78.37,16.969999,1107.400024,3.0
2010-03-26,3.6,1.25,1697.72,16400.0,25200.0,0.023306,362.890015,1952.630005,3.86,81.68,77.98,17.77,1104.199951,3.0
2010-04-02,3.59,1.25,1723.49,17140.0,28150.0,0.024815,366.929993,1959.560059,3.96,80.779999,82.63,17.469999,1125.099976,3.0
2010-04-09,3.52,1.25,1724.47,17120.0,28000.0,0.024725,375.76001,1994.430054,3.9,81.089996,82.77,16.139999,1161.099976,3.0
2010-04-16,3.45,1.25,1734.49,16960.0,27500.0,0.024246,393.75,2012.839966,3.79,80.82,84.81,18.360001,1136.300049,3.0
2010-04-23,3.38,1.25,1737.03,16600.0,28500.0,0.024395,400.420013,2055.330078,3.84,81.349998,86.09,16.620001,1153.099976,3.0
2010-04-30,3.31,1.25,1741.56,16980.0,28400.0,0.024999,376.070007,2000.630005,3.69,81.870003,86.19,22.049999,1180.099976,3.0
2010-05-07,3.33871,1.25,1647.5,15880.0,26350.0,0.023453,346.75,1849.439941,3.45,84.449997,76.48,40.950001,1210.0,3.0
2010-05-14,3.383871,1.25,1695.63,16200.0,26600.0,0.024267,353.859985,1907.099976,3.44,86.099998,76.43,31.24,1227.400024,3.0
2010-05-21,3.429032,1.25,1600.18,15120.0,23750.0,0.022676,349.109985,1822.77002,3.2,85.370003,70.45,40.099998,1175.699951,3.0
2010-05-28,3.474194,1.25,1622.78,15560.0,25700.0,0.023282,355.660004,1852.390015,3.31,86.480003,73.0,32.07,1212.199951,3.0
2010-06-04,3.53,1.25,1664.13,15860.0,26400.0,0.023543,348.480011,1832.040039,3.2,88.230003,71.84,35.48,1216.199951,3.0
2010-06-11,3.6,1.25,1675.34,15940.0,25800.0,0.023669,349.529999,1847.150024,3.24,87.510002,73.28,28.790001,1228.900024,3.0
2010-06-18,3.67,1.25,1711.95,16440.0,28150.0,0.024695,371.209991,1913.47998,3.24,85.699997,77.05,23.950001,1257.199951,3.0
2010-06-25,3.74,1.25,1729.84,16100.0,26450.0,0.024115,352.089996,1838.52002,3.12,85.309998,76.21,28.530001,1255.800049,3.0
2010-07-02,3.790323,1.25,1671.82,15340.0,25300.0,0.022843,331.600006,1728.339966,3.0,84.43,71.75,30.120001,1207.400024,3.0
2010-07-09,3.722581,1.25,1723.01,15920.0,25700.0,0.023689,351.359985,1814.790039,3.07,83.949997,75.2,24.98,1209.599976,3.0
2010-07-16,3.654839,1.25,1738.45,16040.0,23500.0,0.023346,349.160004,1803.47998,2.96,82.489998,75.55,26.25,1188.0,3.0
2010-07-23,3.587097,1.25,1758.06,16220.0,23250.0,0.023614,364.529999,1875.380005,3.02,82.459999,77.27,23.469999,1187.699951,3.0
2010-07-30,3.519355,1.25,1759.33,16200.0,22500.0,0.023917,348.809998,1864.0,2.94,81.540001,77.5,23.5,1181.699951,3.0
2010-08-06,3.532258,1.25,1783.83,16020.0,22850.0,0.023575,351.75,1902.880005,2.86,80.410004,81.28,21.74,1203.400024,3.0
2010-08-13,3.577419,1.25,1746.24,15620.0,21650.0,0.022842,322.73999,1818.800049,2.68,82.949997,75.14,26.24,1214.900024,3.0
2010-08-20,3.622581,1.25,1775.54,15680.0,22000.0,0.023013,327.880005,1825.75,2.62,83.059998,73.48,25.49,1227.199951,3.0
2010-08-27,3.667742,1.25,1729.56,15320.0,22550.0,0.022674,321.76001,1791.640015,2.66,82.919998,75.16,24.450001,1236.0,3.0
2010-09-03,3.7,1.25,1780.02,15220.0,21800.0,0.022794,328.709991,1870.310059,2.72,83.099998,75.03,21.309999,1249.199951,3.0
2010-09-10,3.7,1.25,1802.58,15320.0,20650.0,0.022785,316.570007,1892.339966,2.81,82.699997,77.54,21.99,1244.5,3.0
2010-09-17,3.7,1.25,1827.35,15460.0,22500.0,0.02329,334.350006,1955.829956,2.75,81.400002,77.43,22.01,1275.599976,3.0
2010-09-24,3.7,1.25,1846.6,15240.0,21100.0,0.023228,346.140015,2023.839966,2.62,79.389999,78.73,21.709999,1296.0,3.0
2010-10-01,3.7,1.25,1876.73,15540.0,22450.0,0.023535,348.059998,1996.599976,2.54,78.089996,82.69,22.5,1316.099976,3.0
2010-10-08,3.609677,1.25,1897.07,15160.0,23500.0,0.023394,350.149994,2027.030029,2.41,77.32,83.88,20.709999,1344.199951,3.0
2010-10-15,3.519355,1.25,1902.29,15080.0,23600.0,0.023448,357.119995,2097.72998,2.59,77.040001,81.94,19.030001,1371.099976,3.0
2010-10-22,3.429032,1.25,1897.31,15540.0,24200.0,0.024132,356.940002,2104.209961,2.59,77.470001,80.75,18.780001,1324.400024,3.0
2010-10-29,3.33871,1.25,1882.95,14900.0,23150.0,0.02344,372.640015,2124.449951,2.63,77.269997,82.47,21.200001,1357.099976,3.0
2010-11-05,3.353333,1.25,1938.96,15520.0,23750.0,0.024506,392.019989,2186.709961,2.58,76.550003,87.05,18.26,1397.300049,3.0
2010-11-12,3.446667,1.25,1913.12,15560.0,22800.0,0.02429,382.609985,2137.949951,2.76,78.080002,86.07,20.610001,1365.400024,3.0
2010-11-19,3.54,1.25,1940.96,16360.0,23900.0,0.025595,387.089996,2135.27002,2.88,78.5,83.17,18.040001,1352.199951,3.0
2010-11-26,3.633333,1.25,1901.8,16740.0,24650.0,0.025614,396.029999,2153.909912,2.87,80.360001,84.78,22.219999,1362.300049,3.0
2010-12-03,3.693548,1.25,1957.26,17880.0,23450.0,0.026902,412.429993,2191.169922,3.03,79.379997,90.65,18.01,1405.400024,3.0
2010-12-10,3.670968,1.25,1986.14,18380.0,24500.0,0.027283,416.690002,2215.340088,3.32,80.07,89.54,17.610001,1384.300049,3.0
2010-12-17,3.648387,1.25,2026.3,18520.0,23800.0,0.027369,411.440002,2218.290039,3.33,80.370003,91.11,16.110001,1378.599976,3.0
2010-12-24,3.625806,1.25,2029.6,18500.0,23150.0,0.027287,411.779999,2230.27002,3.41,80.5,93.63,16.469999,1380.0,3.0
2010-12-31,3.603226,1.25,2051.0,18980.0,24000.0,0.027693,411.820007,2217.860107,3.3,79.029999,93.23,17.75,1421.099976,3.0
2011-01-07,3.6,1.25,2086.2,18420.0,26100.0,0.028246,425.76001,2276.699951,3.34,81.010002,94.25,17.139999,1368.5,3.0
2011-01-14,3.6,1.25,2108.17,18660.0,27250.0,0.028711,451.589996,2323.429932,3.35,79.160004,97.86,15.46,1360.400024,3.0
2011-01-21,3.6,1.25,2069.92,19420.0,28100.0,0.029047,431.649994,2268.320068,3.44,78.209999,96.84,18.469999,1341.0,3.0
2011-01-28,3.6,1.25,2107.87,20200.0,29500.0,0.030076,438.609985,2270.51001,3.36,78.129997,97.06,20.040001,1340.699951,3.0
2011-02-04,3.610714,1.25,2072.03,19660.0,29650.0,0.02932,463.109985,2338.199951,3.68,78.040001,99.43,15.93,1348.300049,3.0
2011-02-11,3.635714,1.25,1977.19,18300.0,28800.0,0.027683,462.820007,2379.149902,3.64,78.459999,99.93,15.69,1359.900024,3.0
2011-02-18,3.660714,1.25,2013.14,19200.0,29400.0,0.028783,471.459991,2392.469971,3.59,77.660004,102.2,16.43,1388.199951,3.0
2011-02-25,3.685714,1.25,1963.43,18520.0,28000.0,0.027784,463.690002,2346.290039,3.42,77.279999,111.47,19.219999,1408.699951,3.0
2011-03-04,3.680645,1.5,2004.68,18900.0,29200.0,0.028601,459.820007,2359.959961,3.49,76.400002,115.71,19.059999,1428.199951,3.0
2011-03-11,3.635484,1.5,1955.54,17240.0,27700.0,0.026743,427.910004,2299.26001,3.4,76.779999,114.07,20.08,1421.5,3.0
2011-03-18,3.590323,1.5,1981.13,17820.0,28550.0,0.027316,419.200012,2221.070068,3.28,75.720001,114.13,24.440001,1415.900024,3.0
2011-03-25,3.545161,1.5,2054.04,18200.0,29900.0,0.028532,436.269989,2316.360107,3.46,76.220001,115.45,17.91,1426.099976,3.0
2011-04-01,3.5,1.5,2121.01,18800.0,31600.0,0.029489,432.850006,2342.919922,3.46,75.830002,118.63,17.4,1428.099976,3.0
2011-04-08,3.453333,1.5,2127.97,17960.0,31300.0,0.028675,439.579987,2321.179932,3.59,75.07,126.3,17.870001,1473.400024,3.0
2011-04-15,3.406667,1.5,2140.5,17760.0,34150.0,0.0294,431.230011,2307.580078,3.43,74.830002,124.63,15.32,1485.300049,3.0
2011-04-22,3.36,1.5,2197.82,18080.0,36600.0,0.030415,443.200012,2377.300049,3.42,74.0,123.64,14.69,1503.199951,3.0
2011-04-29,3.313333,1.5,2192.36,17860.0,33800.0,0.030319,449.559998,2404.080078,3.32,72.93,126.59,14.75,1556.0,3.0
2011-05-06,3.3,1.5,2147.45,17980.0,32500.0,0.030001,443.660004,2383.179932,3.19,74.839996,113.69,18.4,1491.199951,3.0
2011-05-13,3.3,1.5,2120.08,18320.0,34500.0,0.030272,440.950012,2379.23999,3.18,75.760002,113.08,17.07,1493.400024,3.0
2011-05-20,3.3,1.5,2111.5,17640.0,32200.0,0.029715,432.559998,2351.429932,3.15,75.43,111.25,17.43,1508.800049,3.0
2011-05-27,3.3,1.5,2100.24,17820.0,31300.0,0.030041,433.089996,2336.090088,3.07,74.949997,114.85,15.98,1536.300049,3.0
2011-06-03,3.306667,1.5,2113.47,17700.0,27650.0,0.02923,418.519989,2292.310059,2.99,73.779999,115.09,17.950001,1541.699951,3.0
2011-06-10,3.33,1.5,2046.67,17020.0,26700.0,0.027802,402.799988,2221.090088,2.99,74.790001,118.71,18.860001,1528.599976,3.0
2011-06-17,3.353333,1.5,2031.93,16380.0,24650.0,0.027004,388.209991,2192.959961,2.94,74.989998,113.74,21.85,1538.599976,3.0
2011-06-24,3.376667,1.5,2090.81,17040.0,27900.0,0.028281,392.5,2217.060059,2.88,75.669998,104.79,21.1,1500.5,3.0
2011-07-01,3.4,1.5,2125.74,17100.0,26700.0,0.028486,419.109985,2361.389893,3.22,74.349998,109.82,15.87,1482.300049,3.0
2011-07-08,3.354839,1.5,2180.35,17700.0,26600.0,0.029308,413.799988,2405.889893,3.03,75.18,117.4,15.95,1541.199951,3.0
2011-07-15,3.309677,1.5,2145.2,16640.0,24000.0,0.027682,390.070007,2356.669922,2.94,75.129997,118.06,19.530001,1589.800049,3.0
2011-07-22,3.264516,1.5,2171.23,17000.0,23750.0,0.027885,408.559998,2429.5,2.99,74.199997,118.99,17.52,1601.300049,3.0
2011-07-29,3.219355,1.5,2133.21,16880.0,24250.0,0.027777,386.940002,2362.810059,2.82,73.900002,115.93,25.25,1628.300049,3.0
2011-08-05,3.212903,1.5,1943.75,15780.0,23550.0,0.025533,350.220001,2194.379883,2.58,74.599998,106.92,32.0,1648.800049,3.0
2011-08-12,3.235484,1.5,1793.31,14140.0,19750.0,0.022892,355.619995,2182.050049,2.24,74.610001,108.17,36.360001,1740.199951,3.0
2011-08-19,3.258065,1.5,1744.88,13600.0,15600.0,0.021242,326.320007,2038.219971,2.07,73.989998,109.37,43.049999,1848.900024,3.0
2011-08-26,3.280645,1.5,1778.95,14520.0,17950.0,0.023201,345.779999,2161.969971,2.19,73.809998,112.29,35.59,1794.099976,3.0
2011-09-02,3.3,1.5,1867.75,15380.0,19100.0,0.024451,341.459991,2167.830078,2.02,74.75,115.92,33.919998,1873.699951,3.0
2011-09-09,3.3,1.5,1812.93,15600.0,19900.0,0.02468,348.399994,2163.659912,1.93,77.190002,115.1,38.52,1856.400024,3.0
2011-09-16,3.3,1.5,1840.1,15960.0,21900.0,0.025645,381.910004,2306.090088,2.08,76.580002,116.26,30.98,1812.099976,3.0
2011-09-23,3.3,1.5,1697.44,15160.0,20250.0,0.024272,359.950012,2206.860107,1.84,78.300003,109.17,41.25,1637.5,3.0
2011-09-30,3.3,1.5,1769.65,16800.0,21350.0,0.02651,338.820007,2139.179932,1.92,78.550003,105.42,42.959999,1620.400024,3.0
2011-10-07,3.3,1.5,1759.77,17200.0,21500.0,0.026543,356.730011,2202.76001,2.1,78.720001,106.56,36.200001,1634.5,3.0
2011-10-14,3.3,1.5,1835.4,17720.0,21950.0,0.027544,380.859985,2371.939941,2.26,76.620003,114.33,28.24,1681.800049,3.0
2011-10-21,3.3,1.5,1838.38,18340.0,23200.0,0.028449,372.100006,2335.929932,2.23,76.300003,111.6,31.32,1635.099976,3.0
2011-10-28,3.3,1.5,1929.48,18900.0,22900.0,0.029258,396.329987,2401.290039,2.34,75.089996,110.01,24.530001,1746.199951,3.0
2011-11-04,3.29,1.5,1928.41,20100.0,24850.0,0.031133,391.480011,2356.320068,2.06,76.910004,112.22,30.16,1755.300049,3.0
2011-11-11,3.266667,1.5,1863.45,19660.0,21550.0,0.029963,391.600006,2355.780029,2.04,76.940002,114.43,30.040001,1787.5,3.0
2011-11-18,3.243333,1.5,1839.17,19260.0,23300.0,0.029542,371.25,2253.949951,2.01,78.019997,107.82,32.0,1724.699951,3.0
2011-11-25,3.22,1.5,1776.4,18940.0,21750.0,0.028586,344.140015,2150.879883,1.97,79.610001,106.08,34.470001,1685.5,3.0
2011-12-02,3.203226,1.5,1916.04,21000.0,23100.0,0.031235,374.570007,2302.040039,2.05,78.629997,109.59,27.52,1747.0,3.0
2011-12-09,3.225806,1.5,1874.75,21060.0,21400.0,0.030894,375.670013,2318.679932,2.07,78.629997,107.91,26.379999,1712.800049,3.0
2011-12-16,3.248387,1.5,1839.96,20900.0,22150.0,0.03057,352.859985,2238.179932,1.86,80.25,104.0,24.290001,1595.599976,3.0
2011-12-23,3.270968,1.5,1867.22,21360.0,21700.0,0.031193,368.600006,2287.570068,2.03,80.010002,109.28,20.73,1604.699951,3.0
2011-12-30,3.293548,1.5,1825.74,21160.0,21950.0,0.030957,364.440002,2277.830078,1.89,80.169998,108.09,23.4,1565.800049,3.0
2012-01-06,3.3,1.5,1843.14,20800.0,24400.0,0.031129,375.220001,2356.169922,1.98,81.239998,111.96,20.629999,1616.099976,3.0
2012-01-13,3.3,1.5,1875.68,20920.0,25150.0,0.031616,383.470001,2371.97998,1.89,81.43,109.88,20.91,1630.400024,3.0
2012-01-20,3.3,1.5,1949.89,22100.0,26950.0,0.033158,414.339996,2437.02002,2.05,80.220001,108.5,18.280001,1663.699951,3.0
2012-01-27,3.3,1.5,1964.83,22500.0,26000.0,0.033056,413.339996,2461.77002,1.93,78.900002,110.5,18.530001,1731.800049,3.0
2012-02-03,3.3,1.5,1972.34,21320.0,26300.0,0.031773,427.98999,2529.169922,1.97,78.940002,112.56,17.1,1737.900024,3.0
2012-02-10,3.3,1.5,1993.71,21240.0,27000.0,0.031814,420.149994,2547.320068,1.96,79.110001,118.13,20.790001,1723.300049,3.0
2012-02-17,3.3,1.5,2023.47,23520.0,28850.0,0.034483,432.040009,2584.23999,2.01,79.330002,120.69,17.780001,1724.5,3.0
2012-02-24,3.3,1.5,2019.89,23600.0,28850.0,0.034338,423.790009,2604.209961,1.98,78.349998,124.89,17.309999,1775.099976,3.0
2012-03-02,3.3,1.5,2034.63,23640.0,30450.0,0.034695,420.350006,2641.580078,1.99,79.400002,125.93,17.290001,1708.800049,3.0
2012-03-09,3.3,1.5,2018.3,24600.0,29800.0,0.035304,422.850006,2646.850098,2.04,80.040001,128.08,17.110001,1710.900024,3.0
2012-03-16,3.3,1.5,2034.44,24760.0,28800.0,0.035701,435.410004,2712.780029,2.31,79.779999,125.09,14.47,1655.5,3.0
2012-03-23,3.3,1.5,2026.83,25220.0,30150.0,0.036391,435.679993,2728.550049,2.25,79.339996,125.21,14.82,1662.300049,3.0
2012-03-30,3.3,1.5,2014.04,25500.0,29250.0,0.036833,438.640015,2755.27002,2.23,78.93,123.41,15.5,1669.300049,3.0
2012-04-06,3.283333,1.5,2029.03,26640.0,29250.0,0.039047,423.200012,2762.5,2.07,80.07,123.58,16.700001,1628.5,3.0
2012-04-13,3.26,1.5,2008.91,25360.0,29000.0,0.037528,416.429993,2698.98999,2.02,79.879997,120.62,19.549999,1659.099976,3.0
2012-04-20,3.236667,1.5,1974.65,25640.0,27650.0,0.0375,405.170013,2676.040039,1.99,79.18,118.08,17.440001,1642.099976,3.0
2012-04-27,3.213333,1.5,1975.35,27480.0,28050.0,0.03959,415.910004,2741.340088,1.96,78.699997,119.3,16.32,1664.0,3.0
2012-05-04,3.2,1.5,1989.15,27200.0,28150.0,0.039205,397.940002,2637.919922,1.91,79.470001,111.66,19.16,1644.699951,3.0
2012-05-11,3.2,1.5,1917.13,26060.0,25400.0,0.037429,394.600006,2615.97998,1.84,80.279999,112.5,19.889999,1583.599976,3.0
2012-05-18,3.2,1.5,1782.46,23320.0,23600.0,0.033846,364.480011,2478.530029,1.71,81.290001,108.03,25.1,1591.599976,3.0
2012-05-25,3.2,1.5,1824.17,24500.0,22000.0,0.034952,372.109985,2527.050049,1.75,82.400002,107.86,21.76,1568.800049,3.0
2012-06-01,3.2,1.5,1834.51,24660.0,22750.0,0.035375,353.170013,2458.830078,1.47,82.889999,98.63,26.66,1620.5,3.0
2012-06-08,3.2,1.5,1835.64,24940.0,21750.0,0.035476,372.730011,2559.209961,1.65,82.510002,97.57,21.23,1590.099976,3.0
2012-06-15,3.2,1.5,1858.16,24340.0,23400.0,0.035208,375.149994,2571.22998,1.6,81.589996,97.13,21.110001,1627.0,3.0
2012-06-22,3.2,1.5,1847.39,23640.0,24100.0,0.034707,378.649994,2585.530029,1.69,82.220001,89.22,18.110001,1566.0,3.0
2012-06-29,3.2,1.5,1854.01,24020.0,23850.0,0.034689,385.459991,2615.719971,1.67,81.650002,94.17,17.08,1603.5,3.0
2012-07-06,3.2,1.5,1858.2,23220.0,24000.0,0.033831,376.040009,2612.290039,1.57,83.290001,98.5,17.1,1578.400024,3.0
2012-07-13,3.2,1.5,1812.89,22780.0,22400.0,0.033061,357.01001,2584.969971,1.52,83.300003,101.91,16.74,1591.599976,3.0
2012-07-20,3.2,1.5,1822.93,23820.0,21250.0,0.033842,365.01001,2618.040039,1.49,83.470001,106.98,16.27,1582.5,3.0
2012-07-27,3.2,1.5,1829.16,24660.0,21150.0,0.034849,384.230011,2647.030029,1.58,82.709999,106.3,16.700001,1617.900024,3.0
2012-08-03,3.2,1.5,1848.68,24860.0,20950.0,0.035177,390.100006,2676.0,1.6,82.379997,109.57,15.64,1606.0,3.0
2012-08-10,3.2,1.5,1946.4,26960.0,23000.0,0.037987,405.959991,2722.959961,1.65,82.550003,113.13,14.74,1619.699951,3.0
2012-08-17,3.2,1.5,1946.54,25900.0,22500.0,0.036827,405.140015,2780.300049,1.81,82.599998,115.2,13.45,1616.300049,3.0
2012-08-24,3.2,1.5,1919.81,25500.0,21800.0,0.036294,398.950012,2778.050049,1.68,81.589996,115.76,15.18,1669.800049,3.0
2012-08-31,3.2,1.5,1905.12,24660.0,21200.0,0.03527,396.179993,2772.23999,1.57,81.25,113.93,17.469999,1684.599976,3.0
2012-09-07,3.18,1.5,1929.58,25000.0,22500.0,0.03561,401.230011,2825.110107,1.67,80.25,113.64,14.38,1737.5,3.0
2012-09-14,3.156667,1.5,2007.58,26720.0,22950.0,0.037709,406.579987,2855.22998,1.88,78.849998,117.48,14.51,1769.800049,3.0
2012-09-21,3.133333,1.5,2002.37,26040.0,23850.0,0.036976,395.160004,2861.639893,1.77,79.330002,111.27,13.98,1775.5,3.0
2012-09-28,3.11,1.5,1996.21,26920.0,22750.0,0.03809,382.269989,2799.189941,1.65,79.940002,111.36,15.73,1771.099976,3.0
2012-10-05,3.112903,1.25,1995.17,27400.0,23250.0,0.038297,383.279999,2811.939941,1.75,79.339996,112.17,14.33,1778.599976,3.0
2012-10-12,3.135484,1.25,1933.26,25920.0,22550.0,0.036265,366.709991,2720.139893,1.69,79.690002,115.17,16.139999,1758.0,3.0
2012-10-19,3.158065,1.25,1943.84,26040.0,23300.0,0.036459,364.920013,2678.320068,1.79,79.639999,111.89,17.059999,1722.800049,3.0
2012-10-26,3.180645,1.25,1891.43,25740.0,24100.0,0.03621,367.279999,2665.830078,1.78,80.07,108.9,17.809999,1710.900024,3.0
2012-11-02,3.2,1.25,1918.72,26540.0,25950.0,0.03683,372.309998,2656.280029,1.75,80.589996,106.79,17.59,1674.099976,3.0
2012-11-09,3.2,1.25,1904.41,26820.0,25400.0,0.037004,369.700012,2584.100098,1.61,81.029999,108.61,18.610001,1730.300049,3.0
2012-11-16,3.2,1.25,1860.83,26140.0,24950.0,0.036329,356.0,2534.159912,1.58,81.260002,106.81,16.41,1714.300049,3.0
2012-11-23,3.2,1.25,1911.33,28740.0,25700.0,0.039023,369.160004,2639.590088,1.7,80.190002,110.14,15.14,1751.300049,3.0
2012-11-30,3.2,1.25,1932.9,28120.0,24400.0,0.038561,374.350006,2677.879883,1.62,80.150002,110.84,15.87,1710.900024,3.0
2012-12-07,3.2,1.25,1957.45,29600.0,25900.0,0.040225,379.459991,2640.540039,1.64,80.419998,107.16,15.9,1704.0,3.0
2012-12-14,3.2,1.25,1995.04,30300.0,26200.0,0.041074,381.029999,2628.090088,1.72,79.599998,109.28,17.0,1695.800049,3.0
2012-12-21,3.2,1.25,1980.42,28840.0,25400.0,0.039292,385.589996,2664.669922,1.77,79.620003,109.13,17.84,1659.099976,3.0
2012-12-28,3.2,1.25,1997.05,30440.0,25750.0,0.040776,376.869995,2606.360107,1.73,79.68,110.05,22.719999,1654.900024,3.0
2013-01-04,3.190323,1.25,2011.94,30500.0,26350.0,0.040477,397.679993,2724.48999,1.93,80.5,112.58,13.83,1648.099976,3.0
2013-01-11,3.167742,1.25,1996.67,30660.0,27100.0,0.040727,402.859985,2748.26001,1.89,79.559998,110.3,13.36,1660.0,3.0
2013-01-18,3.145161,1.25,1987.85,29600.0,25600.0,0.039755,410.640015,2743.23999,1.87,80.050003,111.71,12.46,1686.599976,3.0
2013-01-25,3.122581,1.25,1946.69,28340.0,24200.0,0.037907,415.440002,2736.72998,1.98,79.75,113.88,12.89,1656.400024,3.0
2013-02-01,3.1,1.25,1957.79,28820.0,24200.0,0.038571,420.549988,2763.959961,2.04,79.129997,115.55,12.9,1669.400024,3.0
2013-02-08,3.075,1.25,1950.9,29240.0,24750.0,0.039157,424.809998,2775.560059,1.99,80.25,118.9,13.02,1666.0,3.0
2013-02-15,3.05,1.25,1981.18,29960.0,25650.0,0.040117,428.5,2764.669922,2.01,80.580002,117.4,12.46,1608.800049,3.0
2013-02-22,3.025,1.25,2018.89,30600.0,26400.0,0.041031,424.980011,2737.280029,1.97,81.480003,113.74,14.17,1572.400024,3.0
2013-03-01,3.0,1.25,2026.49,30880.0,26500.0,0.041285,425.089996,2747.75,1.86,82.309998,110.14,15.36,1571.900024,3.0
2013-03-08,3.0,1.25,2006.01,29980.0,28250.0,0.040457,435.26001,2804.110107,2.06,82.699997,108.91,12.59,1576.599976,3.0
2013-03-15,3.0,1.25,1986.5,29600.0,28800.0,0.040375,434.179993,2799.409912,2.01,82.260002,109.32,11.3,1592.5,3.0
2013-03-22,3.0,1.25,1948.71,29100.0,28300.0,0.039629,430.079987,2800.810059,1.93,82.529999,106.51,13.57,1606.199951,3.0
2013-03-29,3.0,1.25,2004.89,30540.0,28750.0,0.041435,436.660004,2818.689941,1.87,82.989998,108.46,12.7,1594.800049,3.0
2013-04-05,3.013333,1.25,1927.23,30100.0,28550.0,0.040077,418.929993,2771.75,1.72,82.5,103.98,13.92,1575.400024,3.0
2013-04-12,3.036667,1.25,1924.23,30340.0,28800.0,0.04031,433.630005,2856.47998,1.75,82.309998,100.58,12.06,1501.0,3.0
2013-04-19,3.06,1.25,1906.75,29500.0,28800.0,0.039014,416.970001,2780.459961,1.73,82.709999,98.94,14.97,1395.300049,3.0
2013-04-26,3.083333,1.25,1944.56,29720.0,29450.0,0.039675,435.290009,2840.550049,1.7,82.480003,102.39,13.61,1453.599976,3.0
2013-05-03,3.1,1.25,1965.71,30700.0,29550.0,0.040931,450.920013,2944.590088,1.78,82.099998,104.6,12.85,1464.300049,3.0
2013-05-10,3.1,1.25,1944.75,29520.0,29100.0,0.039261,465.940002,2981.02002,1.9,83.139999,101.31,12.59,1436.800049,3.0
2013-05-17,3.1,1.25,1986.81,30160.0,30050.0,0.040252,470.630005,3028.959961,1.95,84.279999,103.83,12.45,1364.900024,3.0
2013-05-24,3.1,1.25,1973.45,29720.0,31400.0,0.040261,461.5,2991.02002,2.01,83.699997,101.24,13.99,1386.800049,3.0
2013-05-31,3.1,1.25,2001.05,30760.0,32200.0,0.04168,468.630005,2981.76001,2.16,83.379997,100.43,16.299999,1392.599976,3.0
2013-06-07,3.12,1.25,1923.85,28540.0,31100.0,0.039197,471.470001,2990.870117,2.17,81.690002,104.07,15.14,1383.0,3.0
2013-06-14,3.143333,1.25,1889.24,27380.0,31500.0,0.037721,465.529999,2943.860107,2.14,80.669998,105.1,17.15,1387.300049,3.0
2013-06-21,3.166667,1.25,1822.83,26500.0,30800.0,0.036939,460.850006,2877.939941,2.52,82.32,100.36,18.9,1291.599976,3.0
2013-06-28,3.19,1.25,1863.32,26840.0,31200.0,0.038137,468.429993,2909.600098,2.52,83.169998,102.49,16.860001,1223.800049,3.0
2013-07-05,3.2,1.0,1833.31,25340.0,28400.0,0.035896,476.119995,2963.219971,2.73,84.419998,107.46,14.89,1212.900024,3.0
2013-07-12,3.2,1.0,1869.98,26240.0,28500.0,0.036641,489.609985,3079.070068,2.61,82.989998,109.03,13.84,1277.800049,3.0
2013-07-19,3.2,1.0,1871.41,25460.0,28400.0,0.036291,486.170013,3044.929932,2.5,82.580002,109.34,12.54,1293.300049,3.0
2013-07-26,3.2,1.0,1910.81,26060.0,28150.0,0.036991,473.119995,3076.22998,2.58,81.620003,107.57,12.72,1321.699951,3.0
2013-08-02,3.193548,1.0,1923.38,25720.0,27450.0,0.036776,483.380005,3143.52002,2.63,81.910004,109.63,11.98,1310.599976,3.0
2013-08-09,3.148387,1.0,1880.71,24600.0,26650.0,0.035226,471.76001,3118.570068,2.57,81.129997,108.49,13.41,1312.900024,3.0
2013-08-16,3.103226,1.0,1920.11,25900.0,28700.0,0.037281,462.459991,3073.909912,2.84,81.260002,111.82,14.37,1371.699951,3.0
2013-08-23,3.058065,1.0,1870.16,25900.0,28500.0,0.03698,463.820007,3124.27002,2.82,81.339996,112.12,13.98,1395.699951,3.0
2013-08-30,3.012903,1.0,1926.36,27360.0,28250.0,0.039098,457.700012,3073.810059,2.78,82.089996,115.97,17.01,1396.099976,3.0
2013-09-06,3.016667,1.0,1955.31,27380.0,27100.0,0.039028,475.100006,3133.379883,2.94,82.150002,117.15,15.85,1386.699951,3.0
2013-09-13,3.04,1.0,1994.32,28120.0,29000.0,0.039924,488.230011,3178.280029,2.9,81.449997,113.31,14.16,1308.400024,3.0
2013-09-20,3.063333,1.0,2005.58,27720.0,30300.0,0.039966,493.149994,3224.72998,2.75,80.440002,110.22,13.12,1332.5,3.0
2013-09-27,3.086667,1.0,2011.8,27320.0,30350.0,0.039577,490.809998,3230.300049,2.64,80.269997,109.45,15.46,1338.400024,3.0
2013-10-04,3.1,1.0,1996.98,28360.0,32450.0,0.040621,497.720001,3242.570068,2.66,80.120003,109.42,16.74,1309.699951,3.0
2013-10-11,3.1,1.0,2024.9,28860.0,33350.0,0.041744,497.380005,3233.830078,2.7,80.360001,110.65,15.72,1268.0,3.0
2013-10-18,3.1,1.0,2052.4,29440.0,34600.0,0.042194,506.440002,3353.879883,2.6,79.639999,109.4,13.04,1314.400024,3.0
2013-10-25,3.1,1.0,2034.39,28980.0,32600.0,0.041562,496.299988,3383.830078,2.53,79.18,105.7,13.09,1352.400024,3.0
2013-11-01,3.1,1.0,2039.42,30000.0,33250.0,0.042494,505.399994,3379.76001,2.65,80.730003,105.78,13.28,1313.099976,3.0
2013-11-08,3.146667,1.0,1984.87,28200.0,32250.0,0.040404,500.980011,3366.840088,2.77,81.209999,104.29,12.9,1284.5,3.0
2013-11-15,3.193333,1.0,2005.64,29240.0,33700.0,0.041626,508.940002,3422.580078,2.71,80.839996,108.25,12.19,1287.300049,3.0
2013-11-22,3.24,1.0,2006.23,29000.0,32400.0,0.041367,504.609985,3422.02002,2.75,80.709999,111.36,12.26,1244.0,3.0
2013-11-29,3.286667,1.0,2044.87,29880.0,35400.0,0.042571,510.25,3487.820068,2.75,80.68,111.07,13.7,1250.599976,3.0
2013-12-06,3.3,1.0,1980.41,28560.0,35500.0,0.04052,515.630005,3504.26001,2.88,80.269997,111.5,13.79,1230.300049,3.0
2013-12-13,3.3,1.0,1962.91,27800.0,36500.0,0.039945,505.519989,3456.399902,2.88,80.209999,108.08,15.76,1235.699951,3.0
2013-12-20,3.3,1.0,1983.35,28540.0,35300.0,0.040286,522.090027,3531.189941,2.89,80.580002,112.15,13.79,1205.099976,3.0
2013-12-27,3.3,1.0,2002.28,27920.0,36650.0,0.040013,529.960022,3574.02002,3.02,80.389999,112.06,12.46,1216.099976,3.0
2014-01-03,3.312903,1.0,1946.14,25920.0,36300.0,0.037806,526.679993,3538.72998,3.01,80.790001,106.57,13.76,1238.400024,3.0
2014-01-10,3.358065,1.0,1938.54,25440.0,38500.0,0.0375,533.700012,3565.080078,2.88,80.660004,106.44,12.14,1246.699951,3.0
2014-01-17,3.403226,1.0,1944.48,25840.0,36000.0,0.037845,538.140015,3591.25,2.84,81.260002,108.45,12.44,1251.699951,3.0
2014-01-24,3.448387,1.0,1940.56,26140.0,35900.0,0.038112,528.890015,3541.47998,2.75,80.459999,109.14,18.139999,1264.5,3.0
2014-01-31,3.493548,1.0,1941.15,25600.0,37850.0,0.038044,529.179993,3521.919922,2.67,81.269997,108.16,18.41,1240.099976,3.0
2014-02-07,3.478571,1.0,1922.5,25500.0,39300.0,0.037986,535.309998,3561.909912,2.71,80.690002,110.12,15.29,1263.300049,3.0
2014-02-14,3.453571,1.0,1940.28,26020.0,39050.0,0.038537,559.119995,3663.879883,2.75,80.129997,108.63,13.57,1319.0,3.0
2014-02-21,3.428571,1.0,1957.83,26600.0,39300.0,0.038985,561.210022,3662.600098,2.73,80.239998,109.03,14.68,1323.900024,3.0
2014-02-28,3.403571,1.0,1979.99,26980.0,38750.0,0.03988,563.830017,3696.100098,2.66,79.779999,108.98,14.0,1321.400024,3.0
2014-03-07,3.43871,1.0,1974.68,26780.0,38550.0,0.039433,574.390015,3703.399902,2.8,79.720001,109.14,14.11,1338.099976,3.0
2014-03-14,3.483871,1.0,1919.9,25500.0,37950.0,0.037767,562.47998,3627.870117,2.65,79.440002,108.08,17.82,1379.0,3.0
2014-03-21,3.529032,1.0,1934.94,25460.0,38700.0,0.038011,582.539978,3653.070068,2.75,80.110001,107.2,15.0,1336.0,3.0
2014-03-28,3.574194,1.0,1981.0,26700.0,37050.0,0.039498,577.47998,3571.48999,2.73,80.18,106.64,14.41,1293.800049,3.0
2014-04-04,3.59,1.0,1988.09,27600.0,37250.0,0.040394,579.190002,3539.379883,2.74,80.419998,106.41,13.96,1303.199951,3.0
2014-04-11,3.566667,1.0,1997.44,27300.0,37050.0,0.039883,560.340027,3446.850098,2.63,79.449997,107.34,17.030001,1318.699951,3.0
2014-04-18,3.543333,1.0,2004.28,27560.0,39200.0,0.040508,578.409973,3534.530029,2.73,79.830002,109.79,13.36,1293.400024,3.0
2014-04-25,3.52,1.0,1971.66,27980.0,40750.0,0.040803,572.190002,3533.100098,2.68,79.769997,109.53,14.06,1300.699951,3.0
2014-05-02,3.5,1.0,1959.44,26920.0,40650.0,0.039364,575.48999,3587.639893,2.6,79.519997,109.48,12.91,1302.599976,3.0
2014-05-09,3.5,1.0,1956.55,26700.0,41150.0,0.039433,575.969971,3555.699951,2.62,79.900002,108.26,12.92,1287.300049,3.0
2014-05-16,3.5,1.0,2013.44,28560.0,42250.0,0.041508,576.01001,3587.199951,2.52,80.040001,110.9,12.44,1293.300049,3.0
2014-05-23,3.5,1.0,2017.17,28560.0,42350.0,0.041469,589.909973,3677.330078,2.54,80.389999,110.19,11.36,1291.599976,3.0
2014-05-30,3.5,1.0,1994.96,28860.0,44150.0,0.041693,599.590027,3736.820068,2.48,80.370003,109.21,11.4,1245.599976,3.0
2014-06-06,3.5,1.0,1995.48,29140.0,46450.0,0.04227,617.25,3794.570068,2.6,80.410004,109.21,10.73,1252.099976,3.0
2014-06-13,3.5,1.0,1990.85,27340.0,47050.0,0.040533,627.48999,3775.560059,2.6,80.580002,113.15,12.18,1273.699951,3.0
2014-06-20,3.5,1.0,1968.07,26020.0,49400.0,0.039313,635.419983,3802.639893,2.63,80.370003,114.55,10.85,1316.199951,3.0
2014-06-27,3.5,1.0,1988.51,26220.0,47500.0,0.039691,629.27002,3844.439941,2.54,80.040001,112.62,11.26,1319.0,3.0
2014-07-04,3.5,1.0,2009.66,26120.0,50400.0,0.03988,650.549988,3923.01001,2.65,80.209999,108.98,10.32,1320.400024,3.0
2014-07-11,3.5,1.0,1988.74,25680.0,48950.0,0.039129,643.880005,3904.580078,2.53,80.190002,105.77,12.08,1337.0,3.0
2014-07-18,3.5,1.0,2019.42,26860.0,50800.0,0.040816,643.440002,3939.889893,2.5,80.519997,106.03,12.06,1309.199951,3.0
2014-07-25,3.5,1.0,2033.85,27100.0,47500.0,0.040473,616.650024,3965.169922,2.48,81.029999,106.89,12.69,1303.099976,3.0
2014-08-01,3.5,1.0,2073.1,25840.0,46300.0,0.039634,609.76001,3879.669922,2.52,81.300003,103.45,17.030001,1293.599976,3.0
2014-08-08,3.5,1.0,2031.1,25000.0,44200.0,0.038027,606.22998,3888.090088,2.44,81.389999,103.36,15.77,1308.900024,3.0
2014-08-15,3.5,1.0,2063.22,25220.0,43550.0,0.038216,624.599976,3987.51001,2.34,81.419998,101.13,13.15,1304.5,3.0
2014-08-22,3.5,1.0,2056.7,24940.0,45950.0,0.038046,639.719971,4052.75,2.4,82.339996,100.09,11.47,1278.599976,3.0
2014-08-29,3.5,1.0,2068.54,24680.0,45400.0,0.038015,645.25,4082.560059,2.35,82.75,101.12,12.09,1285.800049,3.0
2014-09-05,3.513333,1.0,2049.41,24020.0,43200.0,0.036557,651.23999,4089.919922,2.46,83.760002,99.51,12.09,1265.800049,3.0
2014-09-12,3.536667,1.0,2041.86,24020.0,44500.0,0.036803,639.890015,4069.22998,2.62,84.239998,96.31,13.31,1229.900024,3.0
2014-09-19,3.56,1.0,2053.82,24200.0,44000.0,0.036055,649.539978,4100.089844,2.59,84.800003,96.75,12.11,1215.300049,3.0
2014-09-26,3.583333,1.0,2031.64,23700.0,45600.0,0.035482,643.340027,4053.719971,2.54,85.639999,95.08,14.85,1214.099976,3.0
2014-10-03,3.6,1.0,1976.16,22820.0,47100.0,0.034557,623.119995,4027.310059,2.45,86.690002,90.8,14.55,1192.199951,3.0
2014-10-10,3.6,1.0,1940.92,22100.0,42200.0,0.033173,561.400024,3870.860107,2.31,85.910004,88.66,21.24,1221.0,3.0
2014-10-17,3.6,1.0,1900.66,21780.0,44100.0,0.032538,575.330017,3815.469971,2.22,85.190002,85.27,21.99,1238.300049,3.0
2014-10-24,3.6,1.0,1925.69,22240.0,45300.0,0.033503,612.049988,4042.02002,2.29,85.730003,86.0,16.110001,1231.199951,3.0
2014-10-31,3.6,1.0,1964.43,24880.0,47450.0,0.036287,640.859985,4158.209961,2.35,86.879997,84.17,14.03,1171.099976,3.0
2014-11-07,3.62,1.0,1939.87,24120.0,47400.0,0.035255,637.47998,4160.5,2.32,87.639999,83.2,13.12,1169.599976,3.0
2014-11-14,3.643333,1.0,1945.14,23880.0,49200.0,0.035758,645.559998,4224.990234,2.32,87.529999,77.51,13.31,1185.0,3.0
2014-11-21,3.666667,1.0,1964.84,24460.0,46450.0,0.035577,662.950012,4251.319824,2.31,88.309998,79.2,12.9,1197.5,3.0
2014-11-28,3.69,1.0,1980.78,25740.0,48050.0,0.037522,685.73999,4337.790039,2.18,88.360001,71.89,13.33,1175.199951,3.0
2014-12-05,3.687097,1.0,1986.62,26040.0,48350.0,0.038166,703.119995,4311.569824,2.31,89.330002,68.0,11.89,1190.099976,3.0
2014-12-12,3.664516,1.0,1921.71,25720.0,47550.0,0.037423,671.330017,4199.279785,2.1,88.360001,61.67,21.08,1222.0,3.0
2014-12-19,3.641935,1.0,1929.98,26560.0,48500.0,0.038075,686.090027,4281.779785,2.17,89.599998,58.87,16.49,1195.900024,3.0
2014-12-26,3.619355,1.0,1948.16,27040.0,47000.0,0.03852,697.0,4314.089844,2.25,90.029999,58.72,14.5,1195.300049,3.0
2015-01-02,3.596774,1.0,1926.44,26600.0,47750.0,0.037988,686.72998,4230.240234,2.12,91.080002,55.38,17.790001,1186.0,3.0
2015-01-09,3.574194,1.0,1924.7,26280.0,49700.0,0.038293,685.52002,4213.279785,1.98,91.940002,47.64,17.549999,1216.0,3.0
2015-01-16,3.551613,1.0,1888.13,26320.0,47450.0,0.037743,663.859985,4142.140137,1.83,92.519997,47.38,20.950001,1276.900024,3.0
2015-01-23,3.529032,1.0,1936.09,27720.0,47500.0,0.039028,680.539978,4278.140137,1.81,95.0,46.69,16.66,1292.599976,3.0
2015-01-30,3.506452,1.0,1949.26,27300.0,47650.0,0.038684,653.140015,4148.430176,1.68,94.800003,47.52,20.969999,1278.5,3.0
2015-02-06,3.5,1.0,1955.52,27440.0,45500.0,0.038349,671.840027,4228.680176,1.95,94.699997,55.88,17.290001,1233.900024,3.0
2015-02-13,3.5,1.0,1957.5,27220.0,47050.0,0.038133,705.080017,4384.029785,2.02,94.199997,60.33,14.69,1226.5,3.0
2015-02-20,3.5,1.0,1961.45,27540.0,46450.0,0.03853,711.25,4443.049805,2.13,94.25,60.99,14.3,1204.400024,3.0
2015-02-27,3.5,1.0,1985.8,27140.0,46600.0,0.038085,714.650024,4440.669922,2.0,95.25,61.89,13.34,1212.599976,3.0
2015-03-06,3.516129,1.0,2012.94,28840.0,46200.0,0.040146,712.419983,4399.22998,2.24,97.620003,59.15,15.2,1164.099976,3.0
2015-03-13,3.53871,1.0,1985.79,29140.0,44100.0,0.040148,707.789978,4314.899902,2.13,100.330002,54.8,16.0,1152.599976,3.0
2015-03-20,3.56129,1.0,2037.24,29280.0,46850.0,0.040937,730.909973,4458.540039,1.93,97.910004,53.88,13.02,1184.800049,3.0
2015-03-27,3.583871,1.0,2019.8,28420.0,45800.0,0.039492,694.320007,4332.859863,1.95,97.290001,56.44,15.07,1199.800049,3.0
2015-04-03,3.6,0.75,2045.42,28680.0,44200.0,0.039499,689.169983,4316.009766,1.85,97.440002,55.73,14.67,1200.900024,3.0
2015-04-10,3.6,0.75,2087.76,29800.0,43600.0,0.040583,709.049988,4422.02002,1.96,99.389999,56.82,12.58,1204.599976,3.0
2015-04-17,3.6,0.75,2143.5,29000.0,44550.0,0.039997,696.090027,4351.799805,1.87,97.519997,61.31,13.89,1202.900024,3.0
2015-04-24,3.6,0.75,2159.8,28200.0,47200.0,0.039793,693.72998,4536.779785,1.93,96.919998,62.96,12.29,1175.199951,3.0
2015-05-01,3.6,0.75,2127.17,28200.0,46150.0,0.03937,705.5,4479.060059,2.12,95.300003,64.13,12.7,1174.5,3.0
2015-05-08,3.645161,0.75,2085.52,26760.0,45950.0,0.038062,702.130005,4458.649902,2.16,94.790001,63.82,12.86,1189.099976,3.0
2015-05-15,3.690323,0.75,2106.5,26520.0,45300.0,0.037416,709.52002,4494.290039,2.14,93.139999,64.69,12.38,1225.5,3.0
2015-05-22,3.735484,0.75,2146.1,27000.0,47850.0,0.03817,720.200012,4527.160156,2.21,96.010002,64.7,12.13,1204.300049,3.0
2015-05-29,3.780645,0.75,2114.8,26140.0,51100.0,0.037567,745.409973,4508.25,2.12,96.910004,63.16,13.84,1189.400024,3.0
2015-06-05,3.8,0.75,2068.1,26820.0,49050.0,0.037276,726.289978,4477.189941,2.41,96.309998,60.36,14.21,1167.800049,3.0
2015-06-12,3.8,0.75,2052.17,25540.0,46550.0,0.035653,714.130005,4453.790039,2.39,94.970001,63.19,13.78,1178.800049,3.0
2015-06-19,3.8,0.75,2046.96,25320.0,43550.0,0.034858,723.369995,4513.419922,2.26,94.089996,59.41,13.96,1201.5,3.0
2015-06-26,3.8,0.75,2090.26,25560.0,42000.0,0.035077,698.359985,4484.279785,2.49,95.470001,60.14,14.02,1172.900024,3.0
2015-07-03,3.787097,0.75,2104.41,25360.0,42650.0,0.034959,685.51001,4433.390137,2.4,96.110001,59.06,16.790001,1163.0,3.0
2015-07-10,3.741935,0.75,2031.17,25180.0,40850.0,0.034179,658.880005,4420.149902,2.42,96.029999,57.72,16.83,1157.699951,3.0
2015-07-17,3.696774,0.75,2076.79,26100.0,39950.0,0.034959,667.049988,4661.600098,2.34,97.860001,56.38,11.95,1131.800049,3.0
2015-07-24,3.651613,0.75,2045.96,24580.0,38550.0,0.033822,642.47998,4557.370117,2.27,97.239998,54.29,13.74,1085.599976,3.0
2015-07-31,3.606452,0.75,2030.16,23700.0,37100.0,0.03312,646.289978,4588.910156,2.2,97.370003,53.29,12.12,1094.900024,3.0
2015-08-07,3.580645,0.75,2010.23,22720.0,36200.0,0.031662,636.820007,4520.080078,2.18,97.559998,47.54,13.39,1094.099976,3.0
2015-08-14,3.558065,0.75,1983.46,22800.0,36900.0,0.032052,631.039978,4530.740234,2.2,96.57,47.79,12.83,1112.900024,3.0
2015-08-21,3.535484,0.75,1876.07,22020.0,32000.0,0.030729,578.590027,4197.27002,2.05,94.830002,43.84,28.030001,1159.599976,3.0
2015-08-28,3.512903,0.75,1937.67,21620.0,36900.0,0.03087,613.909973,4329.120117,2.19,96.110001,47.97,26.049999,1133.099976,3.0
2015-09-04,3.5,0.75,1886.04,22580.0,34850.0,0.031772,597.619995,4184.720215,2.13,96.230003,48.59,27.799999,1120.599976,3.0
2015-09-11,3.5,0.75,1941.37,22300.0,35000.0,0.031721,615.809998,4323.22998,2.2,95.190002,46.87,23.200001,1103.5,3.0
2015-09-18,3.5,0.75,1995.95,23800.0,35750.0,0.033623,610.75,4323.859863,2.13,94.860001,47.28,22.280001,1138.099976,3.0
2015-09-25,3.5,0.75,1942.85,22240.0,34350.0,0.031789,592.880005,4224.740234,2.17,96.269997,47.28,23.620001,1146.0,3.0
2015-10-02,3.503226,0.75,1969.68,22380.0,34550.0,0.032125,608.460022,4267.450195,1.99,95.830002,46.55,20.940001,1137.099976,3.0
2015-10-09,3.525806,0.75,2019.53,25400.0,37550.0,0.035303,629.51001,4370.009766,2.12,94.809998,52.08,17.08,1156.300049,3.0
2015-10-16,3.548387,0.75,2030.26,25300.0,36100.0,0.034991,652.630005,4438.620117,2.04,94.540001,48.96,15.05,1183.599976,3.0
2015-10-23,3.570968,0.75,2040.4,25780.0,32100.0,0.034868,683.710022,4624.089844,2.09,97.07,46.3,14.46,1163.300049,3.0
2015-10-30,3.593548,0.75,2029.47,27440.0,30700.0,0.036265,662.52002,4648.830078,2.16,96.949997,48.0,15.07,1141.5,3.0
2015-11-06,3.583333,0.75,2041.07,26760.0,31200.0,0.035949,676.469971,4707.22998,2.34,99.160004,46.09,14.33,1087.599976,3.0
2015-11-13,3.56,0.75,1973.29,26000.0,31150.0,0.034916,643.710022,4502.140137,2.28,98.989998,41.98,20.08,1080.800049,3.0
2015-11-20,3.536667,0.75,1989.86,25700.0,31000.0,0.034653,665.76001,4686.359863,2.26,99.57,42.49,15.47,1076.400024,3.0
2015-11-27,3.513333,0.75,2028.99,26540.0,32000.0,0.035364,670.51001,4680.470215,2.22,100.019997,43.07,15.12,1056.199951,3.0
2015-12-04,3.509677,0.75,1974.4,25380.0,31200.0,0.034137,691.48999,4716.120117,2.28,98.349998,41.44,14.81,1084.5,3.0
2015-12-11,3.532258,0.75,1948.62,25680.0,29850.0,0.034163,660.780029,4537.560059,2.13,97.57,36.99,24.389999,1076.900024,3.0
2015-12-18,3.554839,0.75,1975.32,25560.0,30600.0,0.034327,653.719971,4514.830078,2.19,98.699997,36.76,20.700001,1066.199951,3.0
2015-12-25,3.577419,0.75,1990.65,25700.0,31700.0,0.034515,674.390015,4622.77002,2.25,97.980003,37.22,15.74,1077.199951,3.0
2016-01-01,3.6,0.75,1961.31,25200.0,30750.0,0.033818,663.47998,4593.27002,2.27,98.629997,36.61,18.209999,1060.300049,3.0
2016-01-08,3.645161,0.75,1917.62,23420.0,29700.0,0.031499,600.47998,4270.779785,2.13,98.540001,31.67,27.01,1097.800049,3.0
2016-01-15,3.690323,0.75,1878.87,22640.0,26800.0,0.030441,574.289978,4141.080078,2.03,98.959999,28.8,27.02,1091.5,3.0
2016-01-22,3.735484,0.75,1879.43,23360.0,27150.0,0.031212,598.419983,4259.77002,2.07,99.57,30.46,22.34,1097.199951,3.0
2016-01-29,3.780645,0.75,1912.06,23000.0,27300.0,0.030668,613.679993,4279.169922,1.94,99.610001,33.14,20.200001,1116.400024,3.0
2016-02-05,3.786207,0.75,1917.79,23280.0,28100.0,0.03106,586.25,4024.469971,1.86,97.029999,32.35,23.379999,1157.800049,3.0
2016-02-12,3.762069,0.75,1835.28,22600.0,27350.0,0.030417,571.900024,4019.189941,1.74,95.980003,31.8,25.4,1239.099976,3.0
2016-02-19,3.737931,0.75,1916.24,23800.0,29600.0,0.032294,605.460022,4164.089844,1.76,96.599998,31.66,20.530001,1230.400024,3.0
2016-02-26,3.713793,0.75,1920.16,23440.0,30800.0,0.032017,624.650024,4235.620117,1.76,98.150002,35.76,19.809999,1219.800049,3.0
2016-03-04,3.690323,0.5,1955.63,24300.0,31900.0,0.033019,650.619995,4329.0,1.88,97.339996,37.61,16.860001,1269.900024,3.0
2016-03-11,3.667742,0.5,1971.41,24980.0,30700.0,0.033594,659.140015,4361.830078,1.98,96.169998,39.41,16.5,1258.699951,3.0
2016-03-18,3.645161,0.5,1992.12,25460.0,29450.0,0.033966,675.030029,4410.830078,1.88,94.989998,39.26,14.02,1253.800049,3.0
2016-03-25,3.622581,0.5,1983.81,25760.0,29150.0,0.034311,666.140015,4405.529785,1.91,96.139999,38.33,14.74,1221.400024,3.0
2016-04-01,3.6,0.5,1973.57,25580.0,28200.0,0.033896,681.590027,4532.080078,1.79,94.620003,36.42,13.1,1222.199951,3.0
2016-04-08,3.576667,0.5,1972.05,24920.0,27800.0,0.033074,671.309998,4474.930176,1.72,94.239998,40.71,15.36,1242.5,3.0
2016-04-15,3.553333,0.5,2014.71,26000.0,27650.0,0.034311,673.48999,4543.160156,1.76,94.699997,41.32,13.62,1233.099976,3.0
2016-04-22,3.53,0.5,2015.49,25600.0,27500.0,0.033881,669.030029,4474.189941,1.89,95.120003,43.97,13.22,1228.699951,3.0
2016-04-29,3.506667,0.5,1994.15,24900.0,28150.0,0.033011,645.340027,4341.299805,1.83,93.080002,45.64,15.7,1289.199951,3.0
2016-05-06,3.516129,0.5,1976.71,25800.0,26650.0,0.033559,637.5,4330.169922,1.79,93.889999,44.6,14.72,1292.900024,3.0
2016-05-13,3.53871,0.5,1966.99,25060.0,26100.0,0.032622,633.26001,4326.529785,1.71,94.610001,47.05,15.04,1271.900024,3.0
2016-05-20,3.56129,0.5,1947.67,25380.0,26300.0,0.032859,665.080017,4362.899902,1.85,95.309998,48.54,15.2,1252.400024,3.0
2016-05-27,3.583871,0.5,1969.17,25640.0,28650.0,0.033544,695.710022,4512.540039,1.85,95.519997,49.09,13.12,1213.800049,3.0
2016-06-03,3.6,0.5,1985.84,27540.0,27600.0,0.035376,705.599976,4509.790039,1.71,94.029999,48.5,13.47,1240.099976,3.0
2016-06-10,3.6,0.5,2017.63,28120.0,29000.0,0.036138,699.039978,4461.049805,1.64,94.599998,49.7,17.030001,1273.400024,3.0
2016-06-17,3.6,0.5,1953.4,28520.0,29000.0,0.036378,689.090027,4374.379883,1.62,94.209999,46.57,19.41,1292.5,3.0
2016-06-24,3.6,0.5,1925.24,28000.0,31800.0,0.036383,675.400024,4285.700195,1.57,95.449997,46.69,25.76,1320.0,3.0
2016-07-01,3.6,0.5,1987.32,29320.0,32150.0,0.037642,685.01001,4437.450195,1.46,95.650002,47.65,14.77,1336.699951,3.0
2016-07-08,3.667742,0.5,1963.1,29200.0,31050.0,0.037163,701.070007,4528.359863,1.37,96.300003,44.53,13.2,1356.599976,3.0
2016-07-15,3.735484,0.5,2017.26,30360.0,32700.0,0.038598,723.640015,4589.830078,1.6,96.580002,46.25,12.67,1326.5,3.0
2016-07-22,3.803226,0.5,2010.34,30320.0,32000.0,0.038334,742.369995,4666.069824,1.57,97.470001,44.24,12.02,1323.099976,3.0
2016-07-29,3.870968,0.5,2016.19,30780.0,34400.0,0.039188,766.780029,4730.22998,1.46,95.529999,40.76,11.87,1349.0,3.0
2016-08-05,3.9,0.5,2017.94,31220.0,34800.0,0.039706,773.780029,4791.209961,1.59,96.190002,42.47,11.39,1336.400024,3.0
2016-08-12,3.9,0.5,2050.47,30900.0,34350.0,0.039439,779.840027,4807.080078,1.51,95.720001,45.12,11.55,1335.800049,3.0
2016-08-19,3.9,0.5,2056.24,33500.0,35400.0,0.042013,797.059998,4806.140137,1.58,94.510002,49.39,11.34,1340.400024,3.0
2016-08-26,3.9,0.5,2037.5,32240.0,36250.0,0.040978,801.400024,4783.689941,1.62,95.57,49.66,13.65,1321.5,3.0
2016-09-02,3.896667,0.5,2038.31,31940.0,36650.0,0.040714,806.950012,4798.740234,1.6,95.879997,45.96,11.98,1322.099976,3.0
2016-09-09,3.873333,0.5,2037.87,31500.0,38950.0,0.040719,768.369995,4681.540039,1.67,95.339996,48.37,17.5,1330.099976,3.0
2016-09-16,3.85,0.5,1999.36,30540.0,37800.0,0.039595,801.549988,4818.049805,1.7,96.110001,45.26,15.37,1305.800049,3.0
2016-09-23,3.826667,0.5,2054.07,31420.0,39350.0,0.040776,804.590027,4858.910156,1.62,95.480003,46.71,12.29,1337.199951,3.0
2016-09-30,3.803333,0.5,2043.63,31960.0,40200.0,0.041189,835.599976,4875.700195,1.6,95.459999,48.24,13.29,1313.300049,3.0
2016-10-07,3.780645,0.5,2053.8,34120.0,42200.0,0.043602,837.02002,4864.52002,1.73,96.519997,50.49,13.48,1248.900024,3.0
2016-10-14,3.758065,0.5,2022.66,31540.0,41550.0,0.040855,809.390015,4808.47998,1.8,98.019997,48.87,16.120001,1253.099976,3.0
2016-10-21,3.735484,0.5,2033.0,31780.0,40950.0,0.041035,814.530029,4851.859863,1.74,98.699997,50.28,13.34,1265.900024,3.0
2016-10-28,3.712903,0.5,2019.42,32280.0,42450.0,0.041955,818.880005,4805.589844,1.86,98.349998,47.78,16.190001,1275.5,3.0
2016-11-04,3.68,0.5,1982.02,32540.0,41200.0,0.041902,802.880005,4660.459961,1.79,97.07,43.06,22.51,1303.300049,3.0
2016-11-11,3.633333,0.5,1984.43,31960.0,39850.0,0.042928,837.23999,4751.950195,2.15,98.790001,41.61,14.17,1265.5,4.0
2016-11-18,3.586667,0.5,1974.58,31720.0,42000.0,0.042964,872.630005,4808.040039,2.34,101.209999,44.41,12.85,1208.5,4.0
2016-11-25,3.54,0.5,1974.46,33000.0,42600.0,0.044455,890.969971,4870.02002,2.36,101.489998,46.32,12.34,1178.199951,4.0
2016-12-02,3.5,0.5,1970.61,34540.0,44400.0,0.045873,847.700012,4739.370117,2.4,100.769997,52.35,14.12,1175.099976,4.0
2016-12-09,3.5,0.5,2024.69,35600.0,45500.0,0.047454,892.51001,4895.899902,2.47,101.57,52.19,11.75,1159.400024,4.0
2016-12-16,3.5,0.5,2042.24,35860.0,46400.0,0.04766,900.849976,4914.859863,2.6,102.949997,54.15,12.2,1135.300049,4.0
2016-12-23,3.5,0.5,2035.9,35640.0,46300.0,0.04758,927.919983,4940.02002,2.55,103.010002,53.93,11.44,1131.900024,4.0
2016-12-30,3.5,0.5,2026.46,36040.0,44700.0,0.04793,906.469971,4863.620117,2.45,102.389999,54.96,14.04,1150.0,4.0
2017-01-06,3.564516,0.5,2049.12,36200.0,48000.0,0.048745,908.650024,5007.080078,2.42,102.220001,55.9,11.32,1171.900024,4.0
2017-01-13,3.654839,0.5,2076.79,37460.0,50300.0,0.05015,924.669983,5059.509766,2.4,101.18,54.37,11.23,1195.300049,4.0
2017-01-20,3.745161,0.5,2065.61,37200.0,49150.0,0.049913,930.01001,5063.200195,2.48,100.739998,55.04,11.54,1204.300049,4.0
2017-01-27,3.835484,0.5,2083.59,39900.0,53300.0,0.052798,962.26001,5168.060059,2.49,100.529999,54.8,10.58,1188.099976,4.0
2017-02-03,3.878571,0.5,2073.16,39460.0,53700.0,0.052383,964.02002,5161.600098,2.49,99.870003,55.92,10.97,1218.5,4.0
2017-02-10,3.803571,0.5,2075.08,38360.0,50000.0,0.050784,963.049988,5226.689941,2.41,100.800003,55.2,10.85,1234.400024,4.0
2017-02-17,3.728571,0.5,2080.58,37860.0,50400.0,0.050698,976.799988,5324.720215,2.42,100.949997,54.48,11.49,1237.599976,4.0
2017-02-24,3.653571,0.5,2094.12,38220.0,47500.0,0.050668,973.440002,5343.310059,2.31,101.089996,54.69,11.47,1256.900024,4.0
2017-03-03,3.612903,0.5,2078.75,39620.0,47100.0,0.051752,973.969971,5373.47998,2.49,101.540001,54.12,10.96,1225.5,4.0
2017-03-10,3.658065,0.5,2097.35,40180.0,49200.0,0.052809,991.929993,5385.899902,2.58,101.25,50.63,11.66,1200.699951,4.0
2017-03-17,3.703226,0.5,2164.58,42400.0,46750.0,0.055001,1004.599976,5408.759766,2.5,100.300003,50.58,11.28,1229.800049,4.0
2017-03-24,3.748387,0.5,2168.95,41500.0,49500.0,0.054967,1004.349976,5364.0,2.4,99.629997,49.97,12.96,1248.199951,4.0
2017-03-31,3.793548,0.5,2160.23,41200.0,50500.0,0.054398,1011.400024,5436.22998,2.4,100.349998,52.2,12.37,1247.300049,4.0
2017-04-07,3.74,0.5,2151.73,41600.0,49800.0,0.054316,999.349976,5418.370117,2.38,101.18,54.24,12.87,1254.300049,4.0
2017-04-14,3.67,0.5,2134.88,42020.0,49800.0,0.054673,960.01001,5353.589844,2.24,100.559998,55.05,15.96,1285.900024,4.0
2017-04-21,3.6,0.5,2165.04,40760.0,52000.0,0.053762,992.940002,5442.049805,2.24,99.980003,49.93,14.63,1287.400024,4.0
2017-04-28,3.53,0.5,2205.44,44620.0,54000.0,0.057762,1005.530029,5583.529785,2.29,99.050003,49.46,10.82,1266.099976,4.0
2017-05-05,3.525806,0.5,2241.24,45520.0,55900.0,0.059221,1011.030029,5646.089844,2.36,98.650002,47.45,10.57,1224.800049,4.0
2017-05-12,3.570968,0.5,2286.02,45820.0,55300.0,0.059606,1045.23999,5686.810059,2.33,99.25,49.08,10.4,1226.199951,4.0
2017-05-19,3.616129,0.5,2288.48,44720.0,54200.0,0.058992,1060.77002,5651.560059,2.23,97.150002,52.78,12.04,1252.699951,4.0
2017-05-26,3.66129,0.5,2355.3,46080.0,57100.0,0.060717,1084.849976,5788.359863,2.25,97.400002,50.84,9.81,1267.599976,4.0
2017-06-02,3.696667,0.5,2371.72,45960.0,57100.0,0.060796,1103.400024,5881.459961,2.15,96.720001,48.46,9.75,1276.800049,4.0
2017-06-09,3.673333,0.5,2381.69,46100.0,58300.0,0.060895,1090.050049,5741.939941,2.21,97.269997,46.64,10.7,1268.5,4.0
2017-06-16,3.65,0.5,2361.83,45580.0,60500.0,0.06101,1067.22998,5681.47998,2.16,97.160004,45.7,10.38,1254.0,4.0
2017-06-23,3.626667,0.5,2378.6,47620.0,65000.0,0.063651,1088.47998,5803.109863,2.15,97.300003,44.14,10.02,1256.199951,4.0
2017-06-30,3.603333,0.5,2391.79,47540.0,67400.0,0.064224,1034.910034,5646.919922,2.31,95.660004,47.08,11.18,1240.699951,4.0
2017-07-07,3.677419,0.5,2379.87,47860.0,66600.0,0.064147,1054.900024,5656.470215,2.39,96.010002,46.47,11.19,1208.599976,4.0
2017-07-14,3.767742,0.5,2414.63,50480.0,71100.0,0.067083,1104.319946,5838.080078,2.33,95.110001,47.89,9.51,1226.599976,4.0
2017-07-21,3.858065,0.5,2450.06,51080.0,71200.0,0.06751,1107.540039,5921.529785,2.24,93.940002,47.47,9.36,1254.300049,4.0
2017-07-28,3.948387,0.5,2400.99,47760.0,64600.0,0.063489,1092.98999,5908.919922,2.3,93.260002,52.0,10.29,1268.400024,4.0
2017-08-04,3.970968,0.5,2395.45,47700.0,64000.0,0.063468,1079.449951,5899.910156,2.27,93.540001,52.48,10.03,1258.300049,4.0
2017-08-11,3.903226,0.5,2319.71,44620.0,61400.0,0.059664,1066.219971,5831.529785,2.19,93.07,51.47,15.51,1287.699951,4.0
2017-08-18,3.835484,0.5,2358.37,46900.0,67000.0,0.062799,1071.890015,5790.910156,2.19,93.43,50.96,14.26,1285.699951,4.0
2017-08-25,3.767742,0.5,2378.51,47020.0,68400.0,0.063173,1080.5,5822.529785,2.17,92.739998,51.87,11.28,1292.5,4.0
2017-09-01,3.7,0.5,2357.69,46480.0,68700.0,0.062631,1119.339966,5987.899902,2.16,92.809998,53.15,10.13,1324.5,4.0
2017-09-08,3.7,0.5,2343.72,49080.0,72600.0,0.065461,1093.48999,5913.370117,2.06,91.330002,54.55,12.12,1346.0,4.0
2017-09-15,3.7,0.5,2386.07,50400.0,77200.0,0.067871,1146.680054,5988.0,2.2,91.870003,56.18,10.17,1320.400024,4.0
2017-09-22,3.7,0.5,2388.71,52800.0,83100.0,0.071241,1149.589966,5932.319824,2.26,92.169998,58.16,9.59,1293.300049,4.0
2017-09-29,3.7,0.5,2394.47,51280.0,82900.0,0.070057,1171.73999,5979.299805,2.33,93.080002,57.02,9.51,1281.5,4.0
2017-10-06,3.7,0.5,,,,0.0,1191.449951,6064.569824,2.37,93.800003,55.5,9.65,1271.599976,0.0
2017-10-13,3.7,0.5,2473.62,54000.0,86100.0,0.073881,1219.209961,6092.450195,2.28,93.089996,56.86,9.61,1301.5,4.0
2017-10-20,3.7,0.5,2489.54,53840.0,81200.0,0.072926,1231.339966,6108.819824,2.39,93.699997,57.89,9.97,1277.400024,4.0
2017-10-27,3.7,0.5,2496.63,53080.0,78400.0,0.072031,1263.550049,6213.470215,2.42,94.919998,60.15,9.8,1268.5,4.0
2017-11-03,3.693333,0.5,2557.97,56380.0,84400.0,0.076346,1299.969971,6295.580078,2.34,94.940002,61.42,9.14,1266.5,4.0
2017-11-10,3.67,0.5,2542.95,56400.0,82000.0,0.07559,1303.060059,6309.069824,2.4,94.389999,64.35,11.29,1272.400024,4.0
2017-11-17,3.646667,0.5,2533.99,55820.0,83000.0,0.075471,1306.930054,6314.509766,2.35,93.660004,61.34,11.43,1295.800049,4.0
2017-11-24,3.623333,0.5,2544.33,55460.0,85100.0,0.075248,1341.689941,6409.290039,2.34,92.760002,63.58,9.67,1286.699951,4.0
2017-12-01,3.6,0.5,2475.41,50840.0,77400.0,0.069634,1258.650024,6337.870117,2.37,92.900002,64.57,11.43,1278.800049,4.0
2017-12-08,3.554839,0.5,2464.0,52000.0,78700.0,0.070521,1238.23999,6344.569824,2.38,93.900002,63.86,9.58,1245.199951,4.0
2017-12-15,3.509677,0.5,2482.07,50620.0,75700.0,0.068936,1250.890015,6466.319824,2.35,93.93,63.81,9.42,1254.300049,4.0
2017-12-22,3.464516,0.5,2440.54,49700.0,76700.0,0.067932,1271.170044,6465.169922,2.48,93.349998,64.61,9.9,1275.400024,4.0
2017-12-29,3.419355,0.5,2467.49,50960.0,76500.0,0.069541,1253.050049,6396.419922,2.4,92.120003,66.73,11.04,1306.300049,4.0
2018-01-05,3.43871,0.5,2497.52,52120.0,79300.0,0.071015,1325.709961,6653.290039,2.47,91.949997,68.01,9.22,1320.300049,4.0
2018-01-12,3.506452,0.5,2496.42,48200.0,74400.0,0.067023,1322.099976,6758.540039,2.55,90.970001,69.64,10.16,1333.400024,4.0
2018-01-19,3.574194,0.5,2520.26,49320.0,73300.0,0.067931,1372.030029,6834.330078,2.64,90.57,68.56,11.27,1331.900024,4.0
2018-01-26,3.641935,0.5,2574.76,50780.0,75500.0,0.069677,1381.27002,7022.970215,2.66,89.07,70.08,11.08,1351.599976,4.0
2018-02-02,3.710714,0.5,2525.39,47700.0,72200.0,0.066837,1317.97998,6760.290039,2.84,89.199997,67.45,17.309999,1333.699951,4.0
2018-02-09,3.785714,0.5,2363.77,44700.0,73400.0,0.063295,1255.810059,6412.680176,2.83,90.440002,63.04,29.059999,1313.099976,4.0
2018-02-16,3.860714,0.5,2421.83,49000.0,77600.0,0.068463,1318.319946,6770.660156,2.87,89.099998,64.3,19.459999,1353.199951,4.0
2018-02-23,3.935714,0.5,2451.52,47220.0,77300.0,0.066991,1351.089966,6896.600098,2.88,89.879997,67.04,16.49,1328.199951,4.0
2018-03-02,3.993548,0.5,2402.16,46020.0,77400.0,0.065899,1363.780029,6811.040039,2.86,89.940002,64.26,19.59,1321.099976,4.0
2018-03-09,3.948387,0.5,2459.45,49740.0,83300.0,0.070105,1431.160034,7101.180176,2.9,90.089996,65.19,14.64,1322.400024,4.0
2018-03-16,3.903226,0.5,2493.97,51140.0,89800.0,0.072326,1422.540039,7019.950195,2.85,90.230003,64.68,15.8,1311.300049,4.0
2018-03-23,3.858065,0.5,2416.76,49720.0,83100.0,0.070289,1323.920044,6508.089844,2.82,89.440002,69.03,24.870001,1349.300049,4.0
2018-03-30,3.812903,0.5,2445.85,49220.0,81300.0,0.069362,1328.900024,6581.129883,2.74,90.150002,69.02,19.969999,1322.800049,4.0
2018-04-06,3.8,0.5,2429.58,48400.0,80300.0,0.069121,1265.25,6433.209961,2.77,90.110001,66.51,21.49,1331.900024,4.0
2018-04-13,3.8,0.5,2455.07,49800.0,84200.0,0.071521,1329.400024,6628.339844,2.82,89.800003,73.18,17.41,1344.800049,4.0
2018-04-20,3.8,0.5,2476.33,51620.0,84400.0,0.07291,1270.829956,6667.75,2.96,90.32,74.62,16.879999,1336.699951,4.0
2018-04-27,3.8,0.5,2492.4,53000.0,87100.0,0.074536,1258.109985,6656.350098,2.96,91.540001,75.33,15.41,1320.300049,4.0
2018-05-04,3.780645,0.5,2461.38,51900.0,83000.0,0.071202,1296.72998,6769.120117,2.95,92.57,74.75,14.77,1312.699951,4.0
2018-05-11,3.735484,0.5,2477.71,51300.0,86100.0,0.071141,1350.459961,6952.560059,2.97,92.540001,77.37,12.65,1319.0,4.0
2018-05-18,3.690323,0.5,2460.65,49500.0,87900.0,0.069744,1345.199951,6866.25,3.06,93.639999,78.38,13.42,1290.199951,4.0
2018-05-25,3.645161,0.5,2460.8,52700.0,95200.0,0.073684,1390.839966,6960.919922,2.93,94.190002,76.6,13.22,1303.300049,4.0
2018-06-01,3.6,0.5,2438.96,51300.0,91400.0,0.072118,1411.310059,7083.930176,2.89,94.190002,74.54,13.46,1294.800049,4.0
2018-06-08,3.646667,0.5,2451.58,49650.0,88400.0,0.069791,1412.290039,7152.620117,2.93,93.550003,75.11,12.18,1298.099976,4.0
2018-06-15,3.693333,0.5,2404.04,47650.0,87000.0,0.067248,1422.040039,7255.759766,2.93,94.790001,72.02,11.98,1274.599976,4.0
2018-06-22,3.74,0.5,2357.22,47250.0,89500.0,0.067374,1371.0,7197.509766,2.9,94.519997,73.67,13.77,1267.400024,4.0
2018-06-29,3.786667,0.5,2326.13,46650.0,85700.0,0.065913,1313.699951,7040.799805,2.85,94.629997,77.44,16.09,1251.300049,4.0
2018-07-06,3.929032,0.5,2272.87,44900.0,85300.0,0.063984,1349.189941,7207.330078,2.82,94.040001,74.98,13.37,1254.300049,4.0
2018-07-13,4.109677,0.5,2310.9,46500.0,88800.0,0.065866,1340.829956,7375.819824,2.83,94.75,74.11,12.18,1239.599976,4.0
2018-07-20,4.290323,0.5,2289.19,47450.0,87900.0,0.067116,1359.189941,7350.22998,2.89,94.459999,71.99,12.86,1229.5,4.0
2018-07-27,4.470968,0.5,2294.99,46900.0,86100.0,0.065843,1372.23999,7296.779785,2.96,94.68,74.84,13.03,1222.599976,4.0
2018-08-03,4.567742,0.5,2287.68,45750.0,83300.0,0.06438,1381.640015,7395.490234,2.95,95.139999,72.48,11.64,1214.199951,4.0
2018-08-10,4.454839,0.5,2282.79,45400.0,75100.0,0.063948,1354.800049,7408.299805,2.87,96.360001,71.0,13.16,1211.099976,4.0
2018-08-17,4.341935,0.5,2247.05,44100.0,74500.0,0.062537,1323.410034,7377.540039,2.87,96.099998,70.14,12.64,1176.5,4.0
2018-08-24,4.229032,0.5,2293.21,46150.0,81800.0,0.065392,1375.880005,7485.399902,2.82,95.150002,74.41,11.99,1206.300049,4.0
2018-08-31,4.116129,0.5,2322.88,48450.0,83000.0,0.067887,1401.199951,7654.549805,2.86,95.139999,76.94,12.86,1200.300049,4.0
2018-09-07,4.08,0.5,2281.58,44900.0,75900.0,0.063724,1360.77002,7430.259766,2.94,95.370003,75.55,14.88,1193.599976,4.0
2018-09-14,4.056667,0.5,2318.25,45850.0,77700.0,0.064918,1377.310059,7545.5,2.99,94.980003,77.87,12.07,1195.0,4.0
2018-09-21,4.033333,0.5,2339.17,47400.0,76700.0,0.067008,1383.089966,7531.069824,3.07,94.220001,78.9,11.68,1196.199951,4.0
2018-09-28,4.01,0.5,2343.07,46450.0,73100.0,0.065692,1366.73999,7627.649902,3.05,95.190002,82.72,12.12,1191.5,4.0
2018-10-05,3.987097,0.5,2267.52,44700.0,70300.0,0.063137,1315.839966,7399.009766,3.23,95.620003,85.12,14.82,1201.199951,4.0
2018-10-12,3.964516,0.5,2161.85,44000.0,72400.0,0.061995,1253.579956,7157.209961,3.15,95.220001,80.71,21.309999,1218.099976,4.0
2018-10-19,3.941935,0.5,2156.26,43900.0,70800.0,0.061444,1225.939941,7107.22998,3.2,95.709999,80.38,19.889999,1225.300049,4.0
2018-10-26,3.919355,0.5,2027.15,41000.0,67000.0,0.05689,1153.0,6852.399902,3.08,96.360001,77.4,24.16,1232.5,4.0
2018-11-02,3.893333,0.5,2096.0,44150.0,72600.0,0.06111,1239.160034,6965.290039,3.22,96.540001,71.11,19.51,1230.900024,4.0
2018-11-09,3.846667,0.5,2086.09,44300.0,72900.0,0.060724,1229.050049,7039.149902,3.19,96.910004,69.01,17.360001,1206.400024,4.0
2018-11-16,3.8,0.5,2092.4,44000.0,70100.0,0.059615,1220.140015,6867.02002,3.08,96.470001,65.29,18.139999,1220.800049,4.0
2018-11-23,3.753333,0.5,2057.48,42400.0,69300.0,0.057615,1179.23999,6527.350098,3.05,96.919998,57.69,21.52,1221.0,4.0
2018-11-30,3.706667,0.5,2096.86,41850.0,69600.0,0.057569,1239.599976,6949.009766,3.01,97.269997,57.71,18.07,1220.199951,4.0
2018-12-07,3.73871,0.5,2075.76,40950.0,66800.0,0.056474,1157.859985,6613.279785,2.85,96.510002,61.71,23.23,1246.800049,4.0
2018-12-14,3.783871,0.5,2069.38,38950.0,61800.0,0.054751,1177.569946,6594.959961,2.89,97.440002,58.56,21.629999,1237.0,4.0
2018-12-21,3.829032,0.5,2061.49,38650.0,60000.0,0.053947,1101.290039,6046.560059,2.79,96.959999,51.93,30.110001,1253.800049,4.0
2018-12-28,3.874194,0.5,2041.04,38700.0,60500.0,0.054354,1147.369995,6285.27002,2.72,96.389999,50.57,28.34,1279.900024,4.0
2019-01-04,3.890323,0.5,2010.25,37450.0,58300.0,0.052818,1143.959961,6422.669922,2.67,96.190002,55.64,21.379999,1282.699951,4.0
2019-01-11,3.867742,0.5,2075.57,40500.0,65100.0,0.05696,1213.040039,6601.399902,2.71,95.669998,59.24,18.190001,1287.099976,4.0
2019-01-18,3.845161,0.5,2124.28,42300.0,64600.0,0.059005,1228.329956,6784.609863,2.79,96.339996,62.04,17.799999,1281.300049,4.0
2019-01-25,3.822581,0.5,2177.73,44750.0,74600.0,0.062606,1281.160034,6787.370117,2.76,95.790001,61.49,17.42,1297.400024,4.0
2019-02-01,3.8,0.5,2203.46,46350.0,75900.0,0.064208,1287.400024,6875.52002,2.7,95.580002,61.86,16.139999,1316.900024,4.0
2019-02-08,3.8,0.5,2177.05,44800.0,73500.0,0.062125,1302.420044,6913.129883,2.63,96.639999,61.37,15.72,1313.699951,4.0
2019-02-15,3.8,0.5,2196.09,46050.0,73800.0,0.063258,1351.180054,7055.180176,2.66,96.919998,65.65,14.91,1318.099976,4.0
2019-02-22,3.8,0.5,2230.5,47150.0,76700.0,0.06466,1364.780029,7090.629883,2.65,96.510002,66.91,13.51,1329.199951,4.0
2019-03-01,3.8,0.5,2195.44,45100.0,70000.0,0.061994,1363.130005,7151.569824,2.76,96.529999,63.71,13.57,1296.400024,4.0
2019-03-08,3.845161,0.5,2137.44,43800.0,66700.0,0.06005,1318.209961,7015.689941,2.62,97.370003,65.66,16.049999,1297.0,4.0
2019-03-15,3.890323,0.5,2176.11,44200.0,68100.0,0.060265,1392.359985,7306.990234,2.59,96.599998,66.11,12.88,1301.800049,4.0
2019-03-22,3.935484,0.5,2186.95,46550.0,76100.0,0.063628,1400.369995,7326.060059,2.44,96.650002,66.29,16.48,1311.599976,4.0
2019-03-29,3.980645,0.5,2140.67,44650.0,74200.0,0.061154,1395.51001,7378.77002,2.41,97.279999,67.93,13.71,1293.0,4.0
2019-04-05,3.973333,0.5,2209.61,46850.0,79000.0,0.064434,1477.650024,7578.839844,2.5,97.400002,69.93,12.82,1290.400024,4.0
2019-04-12,3.926667,0.5,2233.45,46850.0,78100.0,0.064596,1497.119995,7628.149902,2.56,96.970001,71.57,12.01,1290.599976,4.0
2019-04-19,3.88,0.5,2216.15,45300.0,81800.0,0.063841,1558.130005,7689.720215,2.57,97.470001,70.71,12.09,1271.900024,4.0
2019-04-26,3.833333,0.5,2179.31,44850.0,78600.0,0.062757,1547.400024,7826.680176,2.51,98.010002,71.03,12.73,1284.900024,4.0
2019-05-03,3.806452,0.5,2196.32,45300.0,80400.0,0.063355,1570.699951,7845.72998,2.54,97.519997,71.95,12.87,1279.199951,4.0
2019-05-10,3.829032,0.5,2108.04,42900.0,74400.0,0.059559,1478.869995,7586.529785,2.47,97.330002,71.63,16.040001,1285.699951,4.0
2019-05-17,3.851613,0.5,2055.8,41200.0,71600.0,0.057445,1402.01001,7503.680176,2.39,98.0,73.94,15.96,1274.5,4.0
2019-05-24,3.874194,0.5,2045.31,42700.0,67600.0,0.058504,1311.969971,7300.959961,2.32,97.610001,67.98,15.85,1283.0,4.0
2019-05-31,3.896774,0.5,2041.74,42500.0,65300.0,0.058221,1296.180054,7127.959961,2.14,97.75,66.78,18.709999,1305.800049,4.0
2019-06-07,3.92,0.5,2072.33,44200.0,65400.0,0.060167,1378.810059,7417.290039,2.09,96.610001,64.1,16.299999,1341.199951,4.0
2019-06-14,3.943333,0.5,2095.41,44000.0,63100.0,0.059792,1356.550049,7479.109863,2.09,97.57,63.13,15.28,1340.099976,4.0
2019-06-21,3.966667,0.5,2125.62,45700.0,65900.0,0.061863,1410.5,7728.779785,2.07,96.220001,65.99,15.4,1396.199951,4.0
2019-06-28,3.99,0.5,2130.62,47000.0,69500.0,0.063609,1458.959961,7671.080078,2.0,96.129997,67.52,15.08,1409.699951,4.0
2019-07-05,3.948387,0.5,2110.59,45650.0,68400.0,0.062121,1461.699951,7841.299805,2.04,97.25,64.23,13.28,1396.699951,4.0
2019-07-12,3.858065,0.5,2086.66,46300.0,74700.0,0.063322,1504.280029,7943.240234,2.12,96.809998,66.65,12.39,1409.900024,4.0
2019-07-19,3.767742,0.5,2094.36,46800.0,76800.0,0.063735,1523.910034,7834.899902,2.05,97.150002,61.04,14.45,1425.099976,4.0
2019-07-26,3.677419,0.5,2066.26,47150.0,79800.0,0.06417,1593.859985,8016.950195,2.08,98.010002,62.46,12.16,1418.5,4.0
2019-08-02,3.6,0.5,1998.13,44950.0,76100.0,0.061474,1488.430054,7692.799805,1.86,98.099998,61.12,17.610001,1445.599976,4.0
2019-08-09,3.6,0.5,1937.75,43150.0,73300.0,0.059418,1464.339966,7646.27002,1.74,97.489998,57.37,17.969999,1496.599976,4.0
2019-08-16,3.6,0.5,1927.17,43900.0,76400.0,0.060599,1479.25,7604.109863,1.55,98.139999,59.0,18.469999,1512.5,4.0
2019-08-23,3.6,0.5,1948.3,43950.0,74400.0,0.060285,1446.380005,7464.990234,1.52,97.639999,58.64,19.870001,1526.599976,4.0
2019-08-30,3.6,0.5,1967.79,44000.0,77400.0,0.060618,1504.920044,7691.0,1.5,98.919998,61.04,18.98,1519.099976,4.0
2019-09-06,3.583333,0.5,2009.13,46300.0,81900.0,0.06351,1568.339966,7852.540039,1.55,98.389999,61.28,15.0,1506.199951,4.0
2019-09-13,3.56,0.5,2049.2,47150.0,82600.0,0.064671,1605.650024,7892.950195,1.9,98.260002,61.25,13.74,1490.900024,4.0
2019-09-20,3.536667,0.5,2091.52,49200.0,82200.0,0.067204,1563.0,7823.549805,1.74,98.510002,65.23,15.32,1507.300049,4.0
2019-09-27,3.513333,0.5,2049.93,48400.0,81400.0,0.066133,1542.869995,7681.580078,1.69,99.110001,62.48,17.219999,1499.099976,4.0
2019-10-04,3.519355,0.5,2020.69,48000.0,80300.0,0.065467,1574.390015,7754.100098,1.52,98.809998,59.13,17.040001,1506.199951,4.0
2019-10-11,3.564516,0.5,2044.61,49150.0,80000.0,0.066602,1591.130005,7843.879883,1.76,98.300003,60.59,15.58,1482.699951,4.0
2019-10-18,3.609677,0.5,2060.69,49900.0,77400.0,0.067143,1590.089966,7868.490234,1.76,97.279999,59.96,14.25,1488.199951,4.0
2019-10-25,3.654839,0.5,2087.89,50900.0,82900.0,0.069296,1648.670044,8029.220215,1.8,97.830002,62.06,12.65,1499.5,4.0
2019-11-01,3.7,0.5,2100.2,51200.0,83100.0,0.069782,1689.930054,8161.169922,1.73,97.239998,60.17,12.3,1508.0,4.0
2019-11-08,3.653333,0.5,2137.23,52100.0,82300.0,0.070501,1736.780029,8255.889648,1.94,98.349998,62.0,12.07,1461.300049,4.0
2019-11-15,3.606667,0.5,2162.18,53700.0,85200.0,0.072585,1742.930054,8315.519531,1.84,98.0,63.32,12.05,1467.300049,4.0
2019-11-22,3.56,0.5,2101.96,51600.0,81700.0,0.069857,1690.790039,8272.049805,1.77,98.269997,64.83,12.34,1463.099976,4.0
2019-11-29,3.513333,0.5,2087.96,50300.0,80900.0,0.068489,1716.839966,8403.679688,1.78,98.269997,64.5,12.62,1465.599976,4.0
2019-12-06,3.483871,0.5,2081.85,50400.0,80600.0,0.068482,1724.209961,8397.370117,1.84,97.699997,66.5,13.62,1459.099976,4.0
2019-12-13,3.46129,0.5,2170.25,54700.0,87900.0,0.073725,1796.040039,8487.709961,1.82,97.169998,67.44,12.63,1475.599976,4.0
2019-12-20,3.43871,0.5,2204.18,56000.0,95000.0,0.075994,1853.869995,8678.490234,1.92,97.709999,68.66,12.51,1474.699951,4.0
2019-12-27,3.416129,0.5,2204.21,56500.0,96000.0,0.076882,1858.589966,8770.980469,1.88,96.919998,68.91,13.43,1513.800049,4.0
2020-01-03,3.4,0.5,2176.46,55500.0,94500.0,0.075465,1853.97998,8793.900391,1.8,96.839996,69.08,14.02,1549.199951,4.0
2020-01-10,3.4,0.5,2206.39,59500.0,98900.0,0.080042,1866.349976,8966.639648,1.83,97.360001,66.77,12.56,1557.5,4.0
2020-01-17,3.4,0.5,2250.57,61300.0,99000.0,0.08201,1916.619995,9173.730469,1.84,97.610001,64.05,12.1,1558.800049,4.0
2020-01-24,3.4,0.5,2246.13,60800.0,98700.0,0.082441,1924.030029,9141.469727,1.7,97.849998,59.34,14.56,1571.099976,4.0
2020-01-31,3.4,0.5,2119.01,56400.0,93500.0,0.077285,1789.930054,8991.509766,1.51,97.389999,57.77,18.84,1582.900024,4.0
2020-02-07,3.503448,0.5,2211.95,60400.0,99300.0,0.082566,1864.359985,9401.099609,1.59,98.68,54.53,15.47,1568.599976,4.0
2020-02-14,3.624138,0.5,2243.59,61800.0,104500.0,0.084795,1956.560059,9623.580078,1.59,99.120003,57.37,13.68,1582.699951,4.0
2020-02-21,3.744828,0.5,2162.84,59200.0,103000.0,0.081348,1891.050049,9446.69043,1.46,99.260002,58.6,17.08,1644.599976,4.0
2020-02-28,3.865517,0.5,1987.01,54200.0,87900.0,0.073827,1705.540039,8461.830078,1.13,98.129997,51.31,40.110001,1564.099976,4.0
2020-03-06,3.9,0.25,2040.22,56500.0,92600.0,0.076848,1699.890015,8530.339844,0.74,95.949997,45.6,41.939999,1670.800049,4.0
2020-03-13,3.9,0.25,1771.44,49950.0,82500.0,0.067922,1544.26001,7995.259766,0.94,98.75,32.25,57.830002,1515.699951,4.0
2020-03-20,3.9,0.25,1566.15,45400.0,74800.0,0.061609,1298.540039,6994.290039,0.92,102.82,25.55,66.040001,1484.0,4.0
2020-03-27,3.9,0.25,1717.73,48300.0,83300.0,0.066204,1488.75,7588.370117,0.72,98.370003,22.39,65.540001,1623.900024,4.0
2020-04-03,3.926667,0.25,1725.44,47000.0,79600.0,0.064752,1443.040039,7528.109863,0.62,100.580002,24.33,46.799999,1633.699951,4.0
2020-04-10,4.02,0.25,1860.7,49250.0,84100.0,0.069079,1601.72998,8238.530273,0.73,99.519997,20.23,41.669998,1736.199951,4.0
2020-04-17,4.113333,0.25,1914.53,51400.0,84100.0,0.071312,1705.640015,8832.410156,0.65,99.779999,19.75,38.150002,1689.199951,4.0
2020-04-24,4.206667,0.25,1889.01,49350.0,81400.0,0.068893,1702.560059,8786.599609,0.6,100.379997,15.87,35.93,1723.5,4.0
2020-05-01,4.3,0.25,1947.56,50000.0,83700.0,0.069821,1644.400024,8718.179688,0.64,98.800003,18.49,37.189999,1694.5,4.0
2020-05-08,4.277419,0.25,1945.82,48800.0,85000.0,0.068911,1775.609985,9220.349609,0.69,99.730003,24.23,27.98,1709.900024,4.0
2020-05-15,4.254839,0.25,1927.28,47850.0,81900.0,0.067717,1700.890015,9152.639648,0.64,100.400002,30.95,31.889999,1753.400024,4.0
2020-05-22,4.232258,0.25,1970.13,48750.0,81300.0,0.068762,1802.310059,9413.990234,0.66,99.860001,33.8,28.16,1734.599976,4.0
2020-05-29,4.209677,0.25,2029.6,50700.0,81500.0,0.07088,1852.48999,9555.530273,0.65,98.339996,34.15,27.51,1751.699951,4.0
2020-06-05,4.2,0.25,2181.87,55500.0,90400.0,0.077676,2003.76001,9824.389648,0.91,96.940002,41.0,24.52,1683.0,4.0
2020-06-12,4.2,0.25,2132.3,52300.0,85200.0,0.075282,1903.849976,9663.780273,0.71,97.32,38.54,36.09,1737.300049,4.0
2020-06-19,4.2,0.25,2141.32,52900.0,85400.0,0.07573,1966.790039,10008.639648,0.7,97.620003,42.33,35.119999,1753.0,4.0
2020-06-26,4.2,0.25,2134.65,53300.0,84600.0,0.076133,1921.920044,9849.360352,0.64,97.5,40.97,34.73,1780.300049,4.0
2020-07-03,4.180645,0.25,2152.41,53600.0,85400.0,0.076037,1993.609985,10341.889648,0.68,97.32,42.92,27.68,1790.0,4.0
2020-07-10,4.112903,0.25,2150.25,52700.0,82800.0,0.074321,2069.790039,10836.330078,0.65,96.650002,43.27,27.290001,1801.900024,4.0
2020-07-17,4.045161,0.25,2201.19,54400.0,82900.0,0.076818,2068.98999,10645.219727,0.64,95.940002,43.53,25.68,1810.0,4.0
2020-07-24,3.977419,0.25,2200.44,54200.0,83700.0,0.077034,2038.709961,10483.129883,0.59,94.440002,43.29,25.84,1897.5,4.0
2020-07-31,3.909677,0.25,2249.37,57900.0,82800.0,0.080452,2136.409912,10905.879883,0.55,93.489998,43.13,24.459999,1962.800049,4.0
2020-08-07,3.958065,0.25,2351.67,57500.0,80600.0,0.080911,2178.860107,11139.389648,0.57,93.440002,44.07,22.209999,2028.0,4.0
2020-08-14,4.025806,0.25,2407.49,58000.0,80200.0,0.082427,2200.810059,11164.450195,0.71,93.099998,44.86,22.049999,1949.800049,4.0
2020-08-21,4.093548,0.25,2304.59,55900.0,74500.0,0.079259,2198.330078,11555.160156,0.64,93.25,43.94,22.540001,1947.0,4.0
2020-08-28,4.16129,0.25,2353.8,55400.0,77800.0,0.079726,2264.139893,11995.849609,0.74,92.370003,45.22,22.959999,1974.900024,4.0
2020-09-04,4.21,0.25,2368.25,55600.0,78700.0,0.079742,2212.72998,11622.129883,0.72,92.720001,41.1,30.75,1934.300049,4.0
2020-09-11,4.233333,0.25,2396.69,59000.0,78400.0,0.082884,2136.370117,11087.400391,0.67,93.330002,38.8,26.870001,1947.900024,4.0
2020-09-18,4.256667,0.25,2412.4,59300.0,83700.0,0.084127,2160.969971,10936.980469,0.7,92.93,42.16,25.83,1962.099976,4.0
2020-09-25,4.28,0.25,2278.79,57900.0,82900.0,0.081279,2177.840088,11151.129883,0.66,94.580002,40.91,26.379999,1866.300049,4.0
2020-10-02,4.293548,0.25,2327.89,58200.0,84000.0,0.082183,2221.120117,11255.69043,0.7,93.839996,38.0,27.629999,1907.599976,4.0
2020-10-09,4.248387,0.25,2391.96,59700.0,82900.0,0.083894,2398.040039,11725.849609,0.79,93.059998,41.63,25.0,1926.199951,4.0
2020-10-16,4.203226,0.25,2341.53,59500.0,85300.0,0.083366,2399.76001,11852.169922,0.76,93.68,41.34,27.41,1906.400024,4.0
2020-10-23,4.158065,0.25,2360.81,60200.0,83900.0,0.083105,2360.22998,11692.570312,0.85,92.769997,40.71,27.549999,1905.199951,4.0
2020-10-30,4.112903,0.25,2267.15,56600.0,79900.0,0.079519,2246.149902,11052.950195,0.88,94.040001,36.33,38.02,1879.900024,4.0
2020-11-06,4.1,0.25,2416.5,60100.0,86300.0,0.0851,2529.27002,12091.349609,0.83,92.230003,38.08,24.860001,1951.699951,4.0
2020-11-13,4.1,0.25,2493.87,63200.0,89700.0,0.088583,2508.820068,11937.839844,0.89,92.760002,41.51,23.1,1886.199951,4.0
2020-11-20,4.1,0.25,2553.5,64700.0,96800.0,0.091422,2555.5,11906.44043,0.83,92.389999,43.79,23.700001,1872.400024,4.0
2020-11-27,4.1,0.25,2633.45,68200.0,98800.0,0.095261,2631.560059,12258.209961,0.84,91.790001,46.88,20.84,1781.900024,4.0
2020-12-04,4.148387,0.25,2731.45,71500.0,115000.0,0.101362,2793.030029,12528.480469,0.97,90.699997,49.1,20.790001,1840.0,4.0
2020-12-11,4.26129,0.25,2770.06,73400.0,115500.0,0.103015,2704.080078,12375.410156,0.9,90.980003,50.01,23.309999,1843.599976,4.0
2020-12-18,4.374194,0.25,2772.18,73000.0,118500.0,0.102741,2764.73999,12738.179688,0.95,90.019997,52.17,21.57,1888.900024,4.0
2020-12-25,4.487097,0.25,2806.86,77800.0,118000.0,0.107253,2750.23999,12711.009766,0.94,90.330002,50.88,21.530001,1883.199951,4.0
2021-01-01,4.6,0.25,2873.47,81000.0,118500.0,0.111027,2795.5,12888.280273,0.93,89.940002,51.22,22.75,1895.099976,4.0
2021-01-08,4.487097,0.25,3152.18,88800.0,138000.0,0.123129,2936.469971,13105.200195,1.13,90.099998,55.51,21.559999,1835.400024,4.0
2021-01-15,4.374194,0.25,3085.9,88000.0,127500.0,0.120444,2992.77002,12803.929688,1.11,90.779999,54.8,24.34,1829.900024,4.0
2021-01-22,4.26129,0.25,3140.63,86800.0,128500.0,0.119852,3074.399902,13366.400391,1.1,90.239998,55.22,21.91,1856.199951,4.0
2021-01-29,4.148387,0.25,2976.21,82000.0,122500.0,0.113394,2887.080078,12925.379883,1.11,90.580002,55.25,33.09,1847.300049,4.0
2021-02-05,4.085714,0.25,3120.63,83500.0,127500.0,0.116426,2985.01001,13603.959961,1.19,91.040001,59.48,20.870001,1813.0,4.0
2021-02-12,4.060714,0.25,3100.58,81600.0,126000.0,0.114055,3219.870117,13807.700195,1.2,90.480003,62.47,19.969999,1823.199951,4.0
2021-02-19,4.035714,0.25,3107.62,82600.0,133000.0,0.115731,3223.459961,13580.780273,1.34,90.360001,62.84,22.049999,1777.400024,4.0
2021-02-26,4.010714,0.25,3012.95,82500.0,141500.0,0.115996,3067.620117,12909.44043,1.44,90.93,65.86,27.950001,1728.800049,4.0
2021-03-05,3.974194,0.25,3026.26,82100.0,140000.0,0.114979,2920.75,12668.509766,1.56,91.980003,69.95,24.66,1698.5,4.0
2021-03-12,3.929032,0.25,3054.39,82800.0,140000.0,0.115868,2965.090088,12937.290039,1.64,91.68,68.87,20.690001,1719.800049,4.0
2021-03-19,3.883871,0.25,3039.53,81900.0,138000.0,0.114214,3011.370117,12866.990234,1.74,91.919998,64.0,20.950001,1741.699951,4.0
2021-03-26,3.83871,0.25,3041.01,81500.0,135000.0,0.113167,3106.280029,12979.120117,1.67,92.769997,63.77,18.860001,1732.300049,4.0
2021-04-02,3.8,0.25,3112.8,84800.0,141000.0,0.118012,3240.169922,13329.519531,1.72,92.93,63.85,17.33,1728.400024,4.0
2021-04-09,3.8,0.25,3131.88,83600.0,140000.0,0.116841,3294.530029,13845.05957,1.67,92.160004,61.89,16.690001,1744.800049,4.0
2021-04-16,3.8,0.25,3198.62,83900.0,137500.0,0.117658,3253.080078,14041.910156,1.59,91.559998,65.98,16.25,1780.199951,4.0
2021-04-23,3.8,0.25,3186.1,82800.0,132500.0,0.115366,3196.97998,13941.44043,1.58,90.860001,65.75,17.33,1777.800049,4.0
2021-04-30,3.8,0.25,3147.86,81500.0,128000.0,0.113122,3108.98999,13860.759766,1.65,91.279999,67.73,18.610001,1767.699951,4.0
2021-05-07,3.780645,0.25,3197.2,81900.0,129500.0,0.114117,3112.030029,13719.629883,1.6,90.230003,68.73,16.690001,1831.300049,4.0
2021-05-14,3.758065,0.25,3153.32,80100.0,118500.0,0.112868,2981.419922,13393.120117,1.63,90.32,69.24,18.809999,1838.099976,4.0
2021-05-21,3.735484,0.25,3156.42,80100.0,122500.0,0.112275,3052.100098,13411.740234,1.63,90.019997,66.72,20.15,1876.699951,4.0
2021-05-28,3.712903,0.25,3188.73,80100.0,125000.0,0.112335,3186.560059,13686.509766,1.58,90.029999,69.36,16.76,1902.5,4.0
2021-06-04,3.66,0.25,3240.08,82200.0,128500.0,0.115322,3214.139893,13770.769531,1.56,90.139999,71.3,16.42,1892.0,4.0
2021-06-11,3.566667,0.25,3249.32,81000.0,128000.0,0.114032,3210.060059,13998.299805,1.47,90.559998,72.05,15.65,1879.599976,4.0
2021-06-18,3.473333,0.25,3267.93,80500.0,124500.0,0.112879,3152.810059,14049.580078,1.45,92.230003,73.1,20.700001,1769.0,4.0
2021-06-25,3.38,0.25,3302.84,81600.0,128500.0,0.114889,3241.47998,14345.179688,1.54,91.809998,76.45,15.62,1777.800049,4.0
2021-07-02,3.303226,0.25,3281.78,80000.0,122500.0,0.112503,3315.830078,14727.629883,1.44,92.230003,77.51,15.07,1783.300049,4.0
2021-07-09,3.325806,0.25,3217.95,79400.0,119500.0,0.111115,3278.389893,14826.089844,1.37,92.129997,77.14,16.18,1810.599976,4.0
2021-07-16,3.348387,0.25,3276.91,79800.0,121500.0,0.112394,3145.449951,14681.379883,1.31,92.690002,74.46,18.450001,1815.0,4.0
2021-07-23,3.370968,0.25,3254.42,79300.0,118500.0,0.111304,3280.060059,15111.790039,1.3,92.910004,74.86,17.200001,1801.800049,4.0
2021-07-30,3.393548,0.25,3202.32,78500.0,112500.0,0.109479,3356.530029,14959.900391,1.24,92.169998,77.72,18.24,1812.599976,4.0
2021-08-06,3.351613,0.25,3270.36,81500.0,118000.0,0.113619,3412.050049,15109.360352,1.31,92.800003,71.02,16.15,1763.099976,4.0
2021-08-13,3.283871,0.25,3171.29,74400.0,101500.0,0.105147,3335.040039,15136.679688,1.29,92.519997,70.9,15.45,1778.199951,4.0
2021-08-20,3.216129,0.25,3060.51,72700.0,102500.0,0.103092,3256.5,15092.570312,1.26,93.5,65.51,18.559999,1784.0,4.0
2021-08-27,3.148387,0.25,3133.9,74300.0,103500.0,0.104573,3436.449951,15432.950195,1.31,92.690002,72.26,16.389999,1819.5,4.0
2021-09-03,3.113333,0.25,3201.06,76600.0,107000.0,0.10753,3430.889893,15652.860352,1.33,92.040001,73.07,16.41,1833.699951,4.0
2021-09-10,3.16,0.25,3125.76,75300.0,105000.0,0.105414,3416.659912,15440.75,1.35,92.580002,72.44,20.950001,1792.099976,4.0
2021-09-17,3.206667,0.25,3140.51,77200.0,107000.0,0.107718,3421.159912,15333.469727,1.37,93.199997,74.64,20.809999,1751.400024,4.0
2021-09-24,3.253333,0.25,3125.24,77300.0,104000.0,0.107246,3453.919922,15329.679688,1.47,93.330002,77.42,17.75,1751.699951,4.0
2021-10-01,3.3,0.25,3019.18,73200.0,100000.0,0.101681,3261.179932,14791.870117,1.48,94.040001,79.4,21.1,1758.400024,4.0
2021-10-08,3.254839,0.25,2956.3,71500.0,94000.0,0.099125,3246.27002,14820.75,1.61,94.07,82.17,18.77,1757.400024,4.0
2021-10-15,3.209677,0.25,3015.06,70100.0,98400.0,0.098871,3314.409912,15146.919922,1.59,93.940002,84.67,16.299999,1768.300049,4.0
2021-10-22,3.164516,0.25,3006.16,70400.0,98500.0,0.099275,3370.280029,15355.070312,1.66,93.610001,85.43,15.43,1796.300049,4.0
2021-10-29,3.119355,0.25,2970.68,69800.0,103000.0,0.099148,3451.27002,15850.469727,1.55,94.120003,83.1,16.26,1783.900024,4.0
2021-11-05,3.113333,0.25,2969.27,70200.0,107000.0,0.100195,3756.550049,16359.379883,1.45,94.32,82.43,16.48,1816.800049,4.0
2021-11-12,3.136667,0.25,2968.8,70600.0,106500.0,0.099918,3794.5,16199.889648,1.58,95.129997,82.9,16.290001,1868.5,4.0
2021-11-19,3.16,0.25,2971.02,71200.0,111500.0,0.10188,3912.02002,16573.339844,1.54,96.07,80.24,17.91,1851.599976,4.0
2021-11-26,3.183333,0.25,2936.44,72300.0,115500.0,0.103059,3757.129883,16025.580078,1.48,96.089996,72.37,28.620001,1785.5,4.0
2021-12-03,3.2,0.25,2968.33,75600.0,118000.0,0.106999,3804.540039,15712.040039,1.35,96.120003,70.71,30.67,1783.900024,4.0
2021-12-10,3.2,0.25,3010.23,76900.0,120500.0,0.108654,3914.669922,16331.980469,1.48,96.050003,74.98,18.690001,1784.800049,4.0
2021-12-17,3.2,0.25,3017.73,78000.0,122000.0,0.110636,3761.040039,15801.459961,1.41,96.57,72.97,21.57,1804.900024,4.0
2021-12-24,3.2,0.25,3012.43,80500.0,128000.0,0.113219,3932.389893,16308.209961,1.5,96.019997,75.24,17.959999,1811.699951,4.0
2021-12-31,3.2,0.25,2977.65,78300.0,131000.0,0.111407,3946.169922,16320.080078,1.52,95.669998,77.24,17.219999,1828.599976,4.0
2022-01-07,3.141935,0.25,2954.89,78300.0,127000.0,0.110419,3796.320068,15592.19043,1.76,95.739998,82.28,18.76,1797.400024,4.0
2022-01-14,3.074194,0.25,2921.92,77300.0,128500.0,0.109481,3900.610107,15611.589844,1.78,95.169998,87.17,19.190001,1816.5,4.0
2022-01-21,3.006452,0.25,2834.29,75600.0,119000.0,0.10594,3434.790039,14438.400391,1.75,95.639999,89.75,28.85,1831.800049,4.0
2022-01-28,2.93871,0.25,2663.34,73300.0,120500.0,0.120227,3303.399902,14454.610352,1.78,97.269997,91.47,27.66,1784.900024,5.0
2022-02-04,2.889286,0.25,2750.26,74000.0,124500.0,0.124022,3453.070068,14694.349609,1.93,95.480003,96.86,23.219999,1807.800049,5.0
2022-02-11,2.864286,0.25,2747.71,74900.0,132000.0,0.124546,3365.25,14253.839844,1.92,96.080002,97.5,27.360001,1842.099976,5.0
2022-02-18,2.839286,0.25,2744.52,74300.0,131500.0,0.122859,3384.300049,14009.540039,1.92,96.040001,96.18,27.75,1899.800049,5.0
2022-02-25,2.814286,0.25,2676.76,71900.0,123000.0,0.117893,3452.669922,14189.160156,1.97,96.620003,98.56,27.59,1887.599976,5.0
2022-03-04,2.8,0.25,2713.43,72900.0,129000.0,0.12039,3258.919922,13837.830078,1.74,98.650002,123.86,31.98,1966.599976,5.0
2022-03-11,2.8,0.25,2661.28,70000.0,118000.0,0.114361,3144.149902,13301.830078,2.0,99.120003,118.11,30.75,1985.0,5.0
2022-03-18,2.8,0.25,2707.02,70700.0,124000.0,0.116033,3432.300049,14420.080078,2.14,98.230003,114.32,23.870001,1929.300049,5.0
2022-03-25,2.8,0.25,2729.98,69800.0,118000.0,0.116652,3525.340088,14754.30957,2.48,98.809998,122.67,20.809999,1954.199951,5.0
2022-04-01,2.8,0.25,2739.85,69100.0,116000.0,0.11543,3366.639893,14861.209961,2.39,98.629997,106.13,19.629999,1923.699951,5.0
2022-04-08,2.823333,0.25,2700.39,67800.0,112000.0,0.113924,3120.159912,14327.259766,2.72,99.800003,101.26,21.16,1945.599976,5.0
2022-04-15,2.846667,0.25,2696.06,66600.0,108000.0,0.112398,3028.219971,13893.209961,2.83,100.32,110.83,22.700001,1974.900024,5.0
2022-04-22,2.87,0.25,2704.71,67000.0,110500.0,0.112855,2989.830078,13356.870117,2.9,101.220001,105.15,28.209999,1934.300049,5.0
2022-04-29,2.893333,0.25,2695.05,67400.0,112500.0,0.113379,2919.73999,12854.799805,2.89,102.959999,108.36,33.400002,1911.699951,5.0
2022-05-06,2.9,0.75,2644.51,66500.0,107500.0,0.110611,2982.060059,12693.530273,3.12,103.660004,113.86,30.190001,1882.800049,5.0
2022-05-13,2.9,0.75,2604.24,66500.0,112500.0,0.111219,2970.370117,12387.400391,2.93,104.559998,112.12,28.870001,1808.199951,5.0
2022-05-20,2.9,0.75,2639.29,68000.0,112500.0,0.114299,2882.649902,11835.620117,2.78,103.150002,113.63,29.43,1842.099976,5.0
2022-05-27,2.9,0.75,2638.05,66500.0,106000.0,0.112157,3115.350098,12681.419922,2.74,101.669998,121.19,25.719999,1851.300049,5.0
2022-06-03,2.906667,0.75,2670.65,66800.0,107000.0,0.113121,3062.590088,12548.030273,2.96,102.139999,125.68,24.790001,1850.199951,5.0
2022-06-10,2.93,0.75,2595.87,63800.0,103500.0,0.108655,2831.97998,11832.820312,3.15,104.150002,127.44,27.75,1875.5,5.0
2022-06-17,2.953333,0.75,2440.93,59800.0,96400.0,0.103602,2578.540039,11265.990234,3.25,104.699997,119.22,31.129999,1840.599976,5.0
2022-06-24,2.976667,0.75,2366.6,58400.0,91600.0,0.10091,2718.469971,12105.849609,3.13,104.190002,117.36,27.23,1830.300049,5.0
2022-07-01,3.0,1.0,2305.42,56200.0,87500.0,0.095957,2458.459961,11585.679688,2.88,105.139999,119.21,26.700001,1801.5,5.0
2022-07-08,2.954839,1.0,2350.61,58700.0,94800.0,0.100957,2618.02002,12125.69043,3.09,107.010002,113.95,24.639999,1742.300049,5.0
2022-07-15,2.909677,1.0,2330.98,60000.0,98700.0,0.103362,2693.77002,11983.620117,2.93,108.059998,112.26,24.23,1703.599976,5.0
2022-07-22,2.864516,1.0,2393.14,61300.0,100000.0,0.104498,2842.409912,12396.469727,2.77,106.730003,106.77,23.030001,1727.400024,5.0
2022-07-29,2.819355,1.0,2451.5,61400.0,97900.0,0.106523,2967.139893,12947.969727,2.67,105.900002,111.51,21.33,1762.900024,5.0
2022-08-05,2.812903,1.25,2490.8,61500.0,98500.0,0.107953,3053.389893,13207.69043,2.83,106.620003,100.31,21.15,1791.199951,5.0
2022-08-12,2.835484,1.25,2527.94,60200.0,93300.0,0.106833,3067.840088,13565.870117,2.84,105.629997,103.7,19.530001,1815.5,5.0
2022-08-19,2.858065,1.25,2492.69,60900.0,96400.0,0.106661,2953.340088,13242.900391,2.98,108.169998,96.45,20.6,1762.900024,5.0
2022-08-26,2.880645,1.25,2481.03,60000.0,95100.0,0.106212,2798.439941,12605.169922,3.04,108.800003,101.13,25.559999,1749.800049,5.0
2022-09-02,2.9,1.25,2409.41,57500.0,91700.0,0.103972,2599.26001,12098.44043,3.2,109.529999,93.09,25.469999,1722.599976,5.0
2022-09-09,2.9,1.25,2384.28,55600.0,90400.0,0.101899,2721.77002,12588.290039,3.33,109.0,91.68,22.790001,1728.599976,5.0
2022-09-16,2.9,1.25,2382.78,56200.0,91200.0,0.103299,2563.139893,11861.379883,3.45,109.760002,89.43,26.299999,1683.5,5.0
2022-09-23,2.9,1.25,2290.0,54500.0,83500.0,0.098126,2408.899902,11311.240234,3.69,113.190002,84.29,29.92,1655.599976,5.0
2022-09-30,2.9,1.25,2155.49,53100.0,83100.0,0.095312,2306.699951,10971.219727,3.83,112.120003,88.9,31.620001,1672.0,5.0
2022-10-07,2.880645,1.5,2232.84,56200.0,91200.0,0.101597,2356.75,11039.469727,3.89,112.800003,98.88,31.360001,1709.300049,5.0
2022-10-14,2.858065,1.5,2212.55,56300.0,95500.0,0.101892,2162.320068,10692.05957,4.0,113.309998,92.22,32.02,1648.900024,5.0
2022-10-21,2.835484,1.5,2213.12,55900.0,90500.0,0.102005,2336.689941,11310.330078,4.21,112.010002,91.82,29.690001,1656.300049,5.0
2022-10-28,2.812903,1.5,2268.4,57300.0,83400.0,0.10406,2433.659912,11546.209961,4.02,110.669998,94.64,25.75,1644.800049,5.0
2022-11-04,2.79,1.75,2348.43,59400.0,84500.0,0.108544,2398.23999,10857.030273,4.17,110.879997,99.53,24.549999,1676.599976,5.0
2022-11-11,2.766667,1.75,2483.16,62900.0,93500.0,0.115033,2754.899902,11817.009766,3.82,106.290001,96.37,22.52,1769.400024,5.0
2022-11-18,2.743333,1.75,2444.48,61800.0,88400.0,0.111988,2724.030029,11677.019531,3.82,106.93,88.93,23.120001,1754.400024,5.0
2022-11-25,2.72,1.75,2437.86,61000.0,85100.0,0.109856,2751.27002,11756.030273,3.68,105.959999,83.4,20.5,1754.0,5.0
2022-12-02,2.7,1.75,2434.33,60400.0,81900.0,0.10909,2771.23999,11994.259766,3.51,104.550003,86.54,19.059999,1809.599976,5.0
2022-12-09,2.7,1.75,2389.04,60400.0,81500.0,0.105573,2721.02002,11563.330078,3.57,104.809998,76.37,22.83,1810.699951,5.0
2022-12-16,2.7,1.75,2360.02,59500.0,78400.0,0.103233,2636.100098,11243.719727,3.48,104.699997,80.2,22.620001,1800.199951,5.0
2022-12-23,2.7,1.75,2313.69,58100.0,77800.0,0.100053,2535.48999,10985.450195,3.75,104.309998,82.45,20.870001,1804.199951,5.0
2022-12-30,2.7,1.75,2236.4,55300.0,75000.0,0.096127,2532.110107,10939.759766,3.88,103.519997,82.82,21.67,1826.199951,5.0
2023-01-06,2.7,2.0,2289.97,59000.0,83100.0,0.101251,2636.100098,11040.349609,3.55,103.879997,76.41,21.129999,1869.699951,5.0
2023-01-13,2.7,2.0,2386.09,60800.0,85700.0,0.105056,2800.659912,11541.480469,3.49,102.199997,83.43,18.35,1921.699951,5.0
2023-01-20,2.7,2.0,2395.26,61800.0,87600.0,0.105654,2794.689941,11619.030273,3.48,102.010002,86.96,19.85,1928.199951,5.0
2023-01-27,2.7,2.0,2484.02,64600.0,91500.0,0.110774,2945.27002,12166.599609,3.52,101.93,85.36,18.51,1929.400024,5.0
2023-02-03,2.7,2.0,2480.4,63500.0,92200.0,0.110727,3082.110107,12573.360352,3.53,102.919998,78.85,18.33,1876.599976,5.0
2023-02-10,2.7,2.0,2469.73,62900.0,93500.0,0.110722,3011.149902,12304.919922,3.74,103.629997,85.46,20.530001,1874.5,5.0
2023-02-17,2.7,2.0,2451.21,62600.0,92000.0,0.109985,3005.870117,12358.179688,3.82,103.860001,81.97,20.02,1850.199951,5.0
2023-02-24,2.7,2.0,2423.61,61300.0,91000.0,0.10734,2935.110107,11969.650391,3.95,105.209999,82.31,21.67,1817.099976,5.0
2023-03-03,2.693548,2.0,2432.07,60500.0,87300.0,0.107297,3028.340088,12290.80957,3.97,104.519997,85.74,18.49,1854.599976,5.0
2023-03-10,2.670968,2.0,2394.59,59500.0,83300.0,0.106148,2923.929932,11830.280273,3.7,104.580002,82.3,24.799999,1867.199951,5.0
2023-03-17,2.648387,2.0,2395.69,61300.0,84000.0,0.10853,3083.52002,12519.879883,3.39,103.709999,71.03,25.51,1973.5,5.0
2023-03-24,2.625806,2.0,2414.96,63000.0,87300.0,0.111153,3121.26001,12767.049805,3.38,103.120003,73.63,21.74,1983.800049,5.0
2023-03-31,2.603226,2.0,2476.86,64000.0,88600.0,0.11302,3230.860107,13181.349609,3.48,102.510002,79.19,18.700001,1969.0,5.0
2023-04-07,2.58,2.0,2490.41,65000.0,89100.0,0.114028,3071.77002,13062.599609,3.39,101.82,86.56,18.4,2026.400024,5.0
2023-04-14,2.556667,2.0,2571.49,65100.0,89300.0,0.115337,3070.449951,13079.519531,3.52,101.550003,87.31,17.07,2015.800049,5.0
2023-04-21,2.533333,2.0,2544.4,65700.0,89100.0,0.114453,3021.439941,13000.769531,3.57,101.82,83.36,16.77,1990.5,5.0
2023-04-28,2.51,2.0,2501.53,65500.0,89500.0,0.114858,2994.969971,13245.990234,3.44,101.669998,81.32,15.78,1999.099976,5.0
2023-05-05,2.512903,2.0,2500.94,65100.0,88700.0,0.113944,3007.689941,13259.129883,3.44,101.209999,75.85,17.190001,2024.800049,5.0
2023-05-12,2.535484,2.0,2475.42,64100.0,87200.0,0.11223,2972.850098,13340.179688,3.46,102.68,74.54,17.030001,2019.800049,5.0
2023-05-19,2.558065,2.0,2537.79,68400.0,97300.0,0.11779,3203.48999,13803.490234,3.7,103.199997,75.42,16.809999,1981.599976,5.0
2023-05-26,2.580645,2.0,2558.81,70300.0,109200.0,0.122136,3545.669922,14298.410156,3.8,104.209999,76.33,17.950001,1944.300049,5.0
2023-06-02,2.61,2.0,2601.36,72200.0,110300.0,0.124431,3501.399902,14546.639648,3.69,104.019997,76.0,14.6,1969.599976,5.0
2023-06-09,2.68,2.0,2641.16,72000.0,115400.0,0.125801,3524.969971,14528.360352,3.75,103.559998,74.74,13.83,1977.199951,5.0
2023-06-16,2.75,2.0,2625.79,71800.0,118900.0,0.124973,3673.139893,15083.919922,3.77,102.300003,76.76,13.54,1971.199951,5.0
2023-06-23,2.82,2.0,2570.1,71600.0,113600.0,0.122815,3506.709961,14891.480469,3.74,102.900002,73.56,13.44,1929.599976,5.0
2023-06-30,2.89,2.0,2564.28,72200.0,115200.0,0.123402,3673.060059,15179.209961,3.81,102.910004,74.51,13.59,1929.400024,5.0
2023-07-07,2.86129,2.0,2526.71,69900.0,111800.0,0.120681,3577.72998,15036.849609,4.06,102.269997,78.77,14.83,1932.5,5.0
2023-07-14,2.816129,2.0,2628.3,73400.0,118000.0,0.124566,3750.409912,15565.599609,3.83,99.910004,79.9,13.34,1964.400024,5.0
2023-07-21,2.770968,2.0,2609.76,70300.0,115100.0,0.121969,3698.850098,15425.669922,3.84,101.07,81.06,13.6,1966.599976,5.0
2023-07-28,2.725806,2.0,2608.32,70600.0,128000.0,0.123112,3851.76001,15750.929688,3.96,101.620003,84.49,13.33,1960.400024,5.0
2023-08-04,2.709677,2.0,2602.8,68300.0,120100.0,0.119773,3699.199951,15274.919922,4.05,102.019997,87.38,17.1,1976.099976,5.0
2023-08-11,2.732258,2.0,2591.26,67500.0,115300.0,0.11867,3514.550049,15028.070312,4.16,102.839996,87.93,14.84,1946.599976,5.0
2023-08-18,2.754839,2.0,2504.5,66300.0,117200.0,0.116496,3462.73999,14694.839844,4.26,103.379997,85.92,17.299999,1916.5,5.0
2023-08-25,2.777419,2.0,2519.14,67100.0,116500.0,0.117706,3495.649902,14941.830078,4.25,104.080002,85.42,15.68,1939.900024,5.0
2023-09-01,2.8,2.0,2563.71,71000.0,120000.0,0.120792,3682.840088,15490.860352,4.18,104.239998,89.98,13.09,1967.099976,5.0
2023-09-08,2.753333,2.0,2547.68,70300.0,113700.0,0.118643,3565.98999,15280.230469,4.26,105.089996,91.85,13.84,1942.699951,5.0
2023-09-15,2.706667,2.0,2601.28,72000.0,122400.0,0.121901,3476.389893,15202.400391,4.33,105.32,95.55,13.79,1946.199951,5.0
2023-09-22,2.66,2.0,2508.13,68800.0,117300.0,0.116844,3365.290039,14701.099609,4.44,105.580002,93.99,17.200001,1945.599976,5.0
2023-09-29,2.613333,2.0,2465.07,68400.0,114700.0,0.115277,3434.290039,14715.240234,4.59,106.169998,95.86,17.52,1866.099976,5.0
2023-10-06,2.632258,2.0,2408.73,66000.0,120400.0,0.113756,3475.209961,14973.240234,4.78,106.040001,87.86,17.450001,1845.199951,5.0
2023-10-13,2.677419,2.0,2456.15,68000.0,124700.0,0.116755,3452.969971,14995.120117,4.63,106.650002,94.33,19.32,1941.5,5.0
2023-10-20,2.722581,2.0,2375.0,68800.0,126200.0,0.115548,3316.139893,14560.879883,4.93,106.160004,93.72,21.709999,1994.400024,5.0
2023-10-27,2.767742,2.0,2302.81,67300.0,119100.0,0.111681,3227.090088,14180.419922,4.84,106.559998,90.73,21.27,1998.5,5.0
2023-11-03,2.8,2.0,2368.34,69600.0,125800.0,0.114564,3454.570068,15099.490234,4.57,105.019997,87.55,14.91,1999.199951,5.0
2023-11-10,2.8,2.0,2409.66,70500.0,130500.0,0.11665,3591.73999,15529.120117,4.61,105.860001,83.66,14.17,1937.699951,5.0
2023-11-17,2.8,2.0,2469.85,72500.0,129900.0,0.119714,3748.649902,15837.990234,4.44,103.82,81.22,13.8,1984.699951,5.0
2023-11-24,2.8,2.0,2496.63,71700.0,128000.0,0.118923,3747.929932,15982.009766,4.47,103.400002,79.82,12.46,2003.0,5.0
2023-12-01,2.8,2.0,2505.01,72000.0,132600.0,0.119216,3738.27002,15997.580078,4.22,103.269997,78.72,12.63,2089.699951,5.0
2023-12-08,2.8,2.0,2517.85,72600.0,127500.0,0.119313,3774.169922,16084.69043,4.23,104.010002,75.94,12.35,2014.5,5.0
2023-12-15,2.8,2.0,2563.56,73300.0,140000.0,0.121404,4117.0,16623.449219,3.91,102.550003,76.84,12.28,2035.699951,5.0
2023-12-22,2.8,2.0,2599.51,75900.0,140600.0,0.124365,4132.850098,16777.400391,3.9,101.699997,80.23,13.03,2069.100098,5.0
2023-12-29,2.8,2.0,2655.28,78500.0,141500.0,0.127994,4175.470215,16825.929688,3.88,101.330002,77.69,12.45,2071.800049,5.0
2024-01-05,2.787097,2.0,2578.08,76600.0,137500.0,0.124563,3933.48999,16305.980469,4.05,102.410004,78.31,13.35,2049.800049,5.0
2024-01-12,2.764516,2.0,2525.05,73100.0,134100.0,0.120381,4052.429932,16832.919922,3.96,102.400002,79.89,12.7,2051.600098,5.0
2024-01-19,2.741935,2.0,2472.74,74700.0,141300.0,0.121847,4375.649902,17314.0,4.15,103.290001,80.71,13.3,2029.300049,5.0
2024-01-26,2.719355,2.0,2478.56,73400.0,136000.0,0.120041,4342.100098,17421.009766,4.15,103.470001,83.34,13.26,2017.300049,5.0
2024-02-02,2.703448,2.0,2615.31,75200.0,134900.0,0.124345,4336.72998,17642.730469,4.03,103.919998,79.54,13.85,2053.699951,5.0
2024-02-09,2.727586,2.0,2620.32,74100.0,142800.0,0.124756,4567.299805,17962.410156,4.17,104.080002,83.58,12.93,2038.699951,5.0
2024-02-16,2.751724,2.0,2648.76,72800.0,146800.0,0.124841,4527.680176,17685.980469,4.3,104.279999,84.88,14.24,2024.099976,5.0
2024-02-23,2.775862,2.0,2667.7,72900.0,161400.0,0.125963,4615.029785,17937.609375,4.26,103.940002,84.18,13.75,2049.399902,5.0
2024-03-01,2.8,2.0,2642.36,73400.0,156200.0,0.125539,4929.580078,18302.910156,4.19,103.860001,84.82,13.11,2095.699951,5.0
2024-03-08,2.8,2.0,2680.35,73300.0,171900.0,0.128272,4957.779785,18018.449219,4.09,102.739998,84.29,14.74,2185.5,5.0
2024-03-15,2.8,2.0,2666.84,72300.0,161200.0,0.125334,4757.709961,17808.25,4.31,103.43,85.39,14.41,2161.5,5.0
2024-03-22,2.8,2.0,2748.56,78900.0,169800.0,0.13367,4908.259766,18339.439453,4.22,104.43,84.87,13.06,2160.0,5.0
2024-03-29,2.8,2.0,2746.63,82400.0,183000.0,0.137551,4905.209961,18254.689453,4.2,104.550003,86.17,13.01,2217.399902,5.0
2024-04-05,2.8,2.0,2714.21,84500.0,182800.0,0.138373,4819.129883,18108.460938,4.39,104.300003,92.81,16.030001,2345.399902,5.0
2024-04-12,2.8,2.0,2681.82,83700.0,187400.0,0.138129,4745.049805,18003.490234,4.5,106.040001,93.12,17.309999,2374.100098,5.0
2024-04-19,2.8,2.0,2591.86,77600.0,173300.0,0.129979,4306.870117,17037.650391,4.62,106.150002,87.96,18.709999,2413.800049,5.0
2024-04-26,2.8,2.0,2656.33,76700.0,177800.0,0.130212,4735.290039,17718.300781,4.67,105.940002,89.95,15.03,2347.199951,5.0
2024-05-03,2.8,2.0,2676.63,77600.0,173200.0,0.131002,4716.189941,17890.800781,4.5,105.029999,83.6,13.49,2308.600098,5.0
2024-05-10,2.8,2.0,2727.63,79200.0,179900.0,0.133321,4808.029785,18161.179688,4.5,105.309998,83.39,12.55,2375.0,5.0
2024-05-17,2.8,2.0,2724.62,77400.0,189900.0,0.132599,4983.02002,18546.230469,4.42,104.449997,82.24,11.99,2417.399902,5.0
2024-05-24,2.8,2.0,2687.6,75900.0,198600.0,0.13175,5220.919922,18808.349609,4.46,104.720001,78.92,11.93,2334.5,5.0
2024-05-31,2.8,2.0,2636.52,73500.0,189200.0,0.12648,5123.359863,18536.650391,4.51,104.669998,79.41,12.92,2322.899902,5.0
2024-06-07,2.78,2.0,2722.67,77300.0,207500.0,0.134249,5287.240234,19000.949219,4.43,104.889999,78.12,12.22,2325.0,5.0
2024-06-14,2.756667,2.0,2758.42,79600.0,221000.0,0.137737,5598.310059,19659.800781,4.2,105.550003,81.49,12.66,2349.100098,5.0
2024-06-21,2.733333,2.0,2784.26,80000.0,234000.0,0.139674,5538.540039,19700.429688,4.25,105.800003,86.42,13.2,2331.199951,5.0
2024-06-28,2.71,2.0,2797.82,81500.0,236500.0,0.141449,5472.259766,19682.869141,4.36,105.870003,87.26,12.44,2339.600098,5.0
2024-07-05,2.687097,2.0,2862.23,87100.0,236000.0,0.148568,5656.310059,20391.970703,4.28,104.879997,88.66,12.48,2397.699951,5.0
2024-07-12,2.664516,2.0,2857.0,84400.0,233000.0,0.146058,5775.189941,20331.490234,4.18,104.089996,87.35,12.46,2420.699951,5.0
2024-07-19,2.641935,2.0,2795.46,84400.0,209500.0,0.141768,5267.160156,19522.619141,4.25,104.400002,85.19,16.52,2399.100098,5.0
2024-07-26,2.619355,2.0,2731.9,80900.0,191800.0,0.135763,5103.129883,19023.660156,4.2,104.32,81.35,16.389999,2381.0,5.0
2024-08-02,2.6,2.0,2676.19,79600.0,173200.0,0.132589,4607.759766,18440.849609,3.8,103.209999,78.35,23.389999,2469.800049,5.0
2024-08-09,2.6,2.0,2588.43,74700.0,171500.0,0.127544,4709.450195,18513.099609,3.94,103.139999,81.07,20.370001,2473.399902,5.0
2024-08-16,2.6,2.0,2697.23,80200.0,199700.0,0.13709,5170.25,19508.519531,3.89,102.459999,81.56,14.8,2537.800049,5.0
2024-08-23,2.6,2.0,2701.69,77700.0,185500.0,0.133986,5228.649902,19720.869141,3.81,100.720001,80.34,15.86,2546.300049,5.0
2024-08-30,2.6,2.0,2674.31,74300.0,173700.0,0.130701,5158.819824,19574.640625,3.91,101.699997,80.2,15.0,2527.600098,5.0
2024-09-06,2.633333,2.0,2544.28,68900.0,156400.0,0.122365,4528.220215,18421.310547,3.72,101.18,72.82,22.379999,2524.600098,5.0
2024-09-13,2.68,2.0,2575.41,64400.0,162800.0,0.119519,4980.490234,19514.589844,3.66,101.110001,73.68,16.559999,2610.699951,5.0
2024-09-20,2.726667,2.0,2593.37,63000.0,157100.0,0.118505,5000.060059,19791.490234,3.73,100.720001,75.96,16.15,2646.199951,5.0
2024-09-27,2.773333,2.0,2649.78,64200.0,183800.0,0.123061,5217.22998,20008.619141,3.75,100.419998,71.63,16.959999,2668.100098,5.0
2024-10-04,2.8,1.75,2569.71,60600.0,174100.0,0.117515,5206.839844,20035.019531,3.98,102.519997,79.32,19.209999,2667.800049,5.0
2024-10-11,2.8,1.75,2596.91,59300.0,186000.0,0.118607,5335.939941,20271.970703,4.08,102.889999,80.27,20.459999,2676.300049,5.0
2024-10-18,2.8,1.75,2593.82,59200.0,187300.0,0.117728,5208.620117,20324.039062,4.08,103.489998,72.75,18.030001,2730.0,5.0
2024-10-25,2.8,1.75,2583.27,55900.0,201000.0,0.116593,5212.830078,20352.019531,4.25,104.260002,75.62,20.33,2754.600098,5.0
2024-11-01,2.8,1.5,2542.36,58300.0,182200.0,0.115688,5001.430176,20033.140625,4.37,104.279999,73.63,21.879999,2749.199951,5.0
2024-11-08,2.87,1.5,2561.15,57000.0,200500.0,0.115835,5290.52002,21117.179688,4.3,105.0,74.04,14.94,2694.800049,5.0
2024-11-15,2.94,1.5,2416.86,53500.0,178200.0,0.107825,4833.589844,20394.130859,4.43,106.690002,73.45,16.139999,2570.100098,5.0
2024-11-22,3.01,1.5,2501.24,56000.0,176700.0,0.111795,4955.799805,20776.230469,4.41,107.489998,76.1,15.24,2712.199951,5.0
2024-11-29,3.08,1.5,2455.91,54200.0,159900.0,0.107563,4926.560059,20930.369141,4.18,105.739998,74.16,13.51,2657.0,5.0
2024-12-06,3.051613,1.5,2428.16,54100.0,167100.0,0.108033,5061.299805,21622.25,4.15,105.970001,73.78,12.77,2659.600098,5.0
2024-12-13,2.983871,1.5,2494.46,56100.0,175500.0,0.112104,5149.779785,21780.25,4.4,107.0,74.89,13.81,2675.800049,5.0
2024-12-20,2.916129,1.5,2404.15,53000.0,168500.0,0.105781,4964.910156,21289.150391,4.52,107.620003,73.19,18.360001,2645.100098,5.0
2024-12-27,2.848387,1.5,2404.77,53700.0,174500.0,0.106933,5122.970215,21473.019531,4.62,108.0,73.77,15.95,2631.899902,5.0
2025-01-03,2.8,1.5,2441.92,54400.0,181900.0,0.108855,5163.649902,21326.160156,4.6,108.949997,76.72,16.129999,2654.699951,5.0
2025-01-10,2.8,1.5,2515.78,55300.0,203500.0,0.113282,5037.470215,20847.580078,4.77,109.650002,79.76,19.540001,2715.0,5.0
2025-01-17,2.8,1.5,2523.55,53700.0,214500.0,0.112817,5309.740234,21441.160156,4.61,109.349998,83.02,15.97,2748.699951,5.0
2025-01-24,2.8,1.5,2536.8,53700.0,221000.0,0.114378,5341.939941,21774.009766,4.63,107.440002,78.71,14.85,2778.899902,5.0
2025-01-31,2.8,1.5,2517.37,52400.0,199200.0,0.110309,5015.850098,21478.050781,4.58,108.370003,77.11,16.43,2812.5,5.0
2025-02-07,2.8,1.25,2521.92,53700.0,203000.0,0.112188,5009.339844,21491.310547,4.49,108.040001,74.68,16.540001,2887.600098,5.0
2025-02-14,2.8,1.25,2591.05,56000.0,210000.0,0.116424,5160.939941,22114.689453,4.47,106.57,75.19,14.77,2900.699951,5.0
2025-02-21,2.8,1.25,2654.58,58200.0,209500.0,0.119265,5136.589844,21614.080078,4.42,106.610001,74.88,18.209999,2953.199951,5.0
2025-02-28,2.8,1.25,2532.78,54500.0,190200.0,0.111243,4766.75,20884.410156,4.24,107.610001,74.76,19.629999,2848.5,5.0
2025-03-07,2.780645,1.25,2563.48,53700.0,192400.0,0.110143,4629.589844,20201.369141,4.32,103.839996,72.49,23.370001,2914.100098,5.0
2025-03-14,2.758065,1.25,2566.36,54700.0,204500.0,0.111606,4598.790039,19704.640625,4.31,103.720001,71.94,21.77,3001.100098,5.0
2025-03-21,2.735484,1.25,2643.13,61700.0,215500.0,0.120724,4557.950195,19753.970703,4.25,104.089996,72.64,19.280001,3021.399902,5.0
2025-03-28,2.712903,1.25,2557.98,60200.0,199300.0,0.117759,4284.910156,19281.400391,4.27,104.040001,74.69,21.65,3086.5,5.0
2025-04-04,2.7,1.25,2465.42,56100.0,182200.0,0.110321,3597.659912,17397.699219,4.01,103.019997,68.36,45.310001,3035.399902,5.0
2025-04-11,2.7,1.25,2432.72,55200.0,180800.0,0.108734,3990.899902,18690.050781,4.48,99.779999,66.83,37.560001,3244.600098,5.0
2025-04-18,2.7,1.25,2483.42,55300.0,175000.0,0.108599,3832.469971,18258.089844,4.34,99.379997,69.33,29.65,3328.399902,5.0
2025-04-25,2.7,1.25,2546.3,55700.0,184400.0,0.110258,4251.609863,19432.560547,4.29,99.470001,66.99,24.84,3298.399902,5.0
2025-05-02,2.7,1.0,2559.79,54300.0,186000.0,0.108786,4397.049805,20102.609375,4.33,100.0,61.57,22.68,3243.300049,5.0
2025-05-09,2.7,1.0,2577.27,54800.0,190100.0,0.109163,4466.5,20061.449219,4.37,100.339996,64.26,21.9,3344.0,5.0
2025-05-16,2.7,1.0,2626.87,56800.0,204500.0,0.111505,4922.189941,21427.939453,4.43,101.089996,65.2,17.24,3187.199951,5.0
2025-05-23,2.7,1.0,2592.09,54200.0,200000.0,0.107182,4702.379883,20915.660156,4.51,99.110001,65.41,22.290001,3365.800049,5.0
2025-05-30,2.7,1.0,2697.67,56200.0,204500.0,0.110802,4758.060059,21340.990234,4.41,99.330002,64.32,18.57,3288.899902,5.0
2025-06-06,2.7,1.0,2812.05,59100.0,224500.0,0.116321,5038.060059,21761.789062,4.51,99.190002,68.02,16.77,3346.600098,5.0
2025-06-13,2.7,1.0,2894.62,58300.0,235500.0,0.11741,5112.240234,21631.039062,4.41,98.18,76.0,20.82,3452.800049,5.0
2025-06-20,2.7,1.0,3021.84,59500.0,257000.0,0.121946,5211.47998,21626.390625,4.38,98.709999,78.73,20.620001,3385.699951,5.0
2025-06-27,2.7,1.0,3055.94,60800.0,284000.0,0.125475,5544.990234,22534.199219,4.29,97.400002,69.37,16.32,3287.600098,5.0
2025-07-04,2.709677,1.0,3054.28,63300.0,270500.0,0.127861,5647.120117,22866.970703,4.35,97.18,71.03,16.379999,3346.5,5.0
2025-07-11,2.732258,1.0,3175.77,62600.0,294500.0,0.130707,5696.290039,22780.599609,4.43,97.849998,72.06,16.4,3364.0,5.0
2025-07-18,2.754839,1.0,3188.07,67100.0,269000.0,0.132057,5732.620117,23065.470703,4.44,98.480003,71.06,16.41,3358.300049,5.0
2025-07-25,2.777419,1.0,3196.05,65900.0,266000.0,0.13251,5645.859863,23272.25,4.4,97.650002,69.23,14.93,3335.600098,5.0
2025-08-01,2.8,1.0,3119.41,68900.0,258000.0,0.134251,5527.609863,22763.310547,4.23,98.690002,70.55,20.379999,3399.800049,5.0
2025-08-08,2.777419,1.0,3210.01,71800.0,256500.0,0.137088,5678.02002,23611.269531,4.27,98.18,67.17,15.15,3491.300049,5.0
2025-08-15,2.754839,1.0,3225.66,71600.0,276500.0,0.140275,5752.740234,23712.070312,4.33,97.849998,67.3,15.09,3382.600098,5.0
2025-08-22,2.732258,1.0,3168.73,71400.0,251000.0,0.135936,5754.459961,23498.119141,4.26,97.720001,68.29,14.22,3418.5,5.0
2025-08-29,2.709677,1.0,3186.01,69700.0,269000.0,0.135517,5668.939941,23415.419922,4.23,97.769997,67.83,15.36,3516.100098,5.0
2025-09-05,2.7,1.0,3205.12,69500.0,273500.0,0.135867,5761.399902,23652.439453,4.1,97.769997,64.92,15.18,3653.300049,5.0
2025-09-12,2.7,1.0,3395.54,75400.0,328500.0,0.149185,6001.740234,24092.189453,4.06,97.550003,67.87,14.76,3686.399902,5.0
2025-09-19,2.7,1.0,3445.24,80300.0,355500.0,0.156708,6232.25,24626.25,4.14,97.639999,67.05,15.45,3705.800049,5.0
2025-09-26,2.7,1.0,3386.05,83300.0,336500.0,0.156945,6305.049805,24503.849609,4.2,98.150002,71.15,15.29,3809.0,5.0
2025-10-03,2.706452,1.0,3549.21,89750.0,395500.0,0.172922,6583.740234,24785.519531,4.13,97.720001,66.13,16.65,3908.899902,5.0
2025-10-10,2.729032,1.0,3610.6,94400.0,428000.0,0.179856,6407.600098,24221.740234,4.05,98.980003,64.41,21.66,4000.399902,5.0
2025-10-17,2.751613,1.0,3748.89,97900.0,465500.0,0.193016,6777.97998,24817.949219,4.02,98.43,61.23,20.780001,4213.299805,5.0
2025-10-24,2.774194,1.0,3941.59,98800.0,510000.0,0.202746,6976.939941,25358.160156,4.02,98.949997,65.8,16.370001,4137.799805,5.0
2025-10-31,2.796774,1.0,4107.5,107500.0,559000.0,0.218439,7228.660156,25858.130859,4.11,99.800003,65.44,17.440001,3996.5,5.0
2025-11-07,2.9,1.0,3953.76,97900.0,580000.0,0.210279,6947.359863,25059.810547,4.11,99.599998,63.72,19.08,4009.800049,5.0
2025-11-14,3.016667,1.0,4011.57,97200.0,560000.0,0.207395,6811.200195,25008.240234,4.14,99.269997,63.45,19.83,4094.199951,5.0
2025-11-21,3.133333,1.0,3853.26,94800.0,521000.0,0.198285,6406.430176,24239.570312,4.06,100.18,62.78,23.43,4079.5,5.0
2025-11-28,3.25,1.0,3926.59,100500.0,530000.0,0.202287,7025.149902,25434.890625,4.02,99.459999,64.07,16.35,4254.899902,5.0
2025-12-05,3.26129,1.0,4100.05,108400.0,544000.0,0.214638,7294.839844,25692.050781,4.14,98.989998,64.42,15.41,4243.0,5.0
2025-12-12,3.193548,1.0,4167.16,108900.0,571000.0,0.219163,7033.569824,25196.730469,4.19,98.400002,62.11,15.74,4328.299805,5.0
2025-12-19,3.125806,1.0,4020.55,106300.0,547000.0,0.210881,7067.870117,25346.179688,4.16,98.599998,61.35,14.91,4387.299805,5.0
2025-12-26,3.058065,1.0,4129.68,117000.0,599000.0,0.227627,7207.640137,25644.390625,4.14,98.019997,63.7,13.6,4552.700195,5.0
2026-01-02,2.996774,1.0,4309.63,128500.0,677000.0,0.248071,7367.470215,25206.169922,4.19,98.419998,61.98,14.51,4329.600098,5.0
2026-01-09,2.974194,1.0,4586.32,139000.0,744000.0,0.270635,7638.779785,25766.259766,4.18,99.129997,65.11,14.49,4500.899902,5.0
2026-01-16,2.951613,1.0,4840.74,148900.0,756000.0,0.285157,7927.410156,25529.259766,4.24,99.389999,66.97,15.86,4595.399902,5.0
2026-01-23,2.929032,1.0,4990.07,152100.0,767000.0,0.292723,7957.930176,25605.470703,4.24,97.599998,68.16,16.09,4979.700195,5.0
2026-01-30,2.906452,1.0,5224.36,160500.0,909000.0,0.317183,7998.470215,25552.390625,4.26,96.989998,72.25,17.440001,4745.100098,5.0
2026-02-06,2.864286,1.0,5089.14,158600.0,839000.0,0.304435,8048.620117,25075.769531,4.22,97.629997,70.45,20.370001,4979.799805,5.0
2026-02-13,2.814286,1.0,5507.01,181200.0,880000.0,0.333612,8137.859863,24732.730469,4.04,96.879997,69.96,20.6,5046.299805,5.0
2026-02-20,2.764286,1.0,5808.53,190100.0,949000.0,0.351713,8260.419922,25012.619141,4.08,97.800003,72.75,19.09,5080.899902,5.0
2026-02-27,2.714286,1.0,6244.13,216500.0,1061000.0,0.398625,8098.370117,24960.039062,3.97,97.610001,71.32,19.860001,5247.899902,5.0
2026-03-06,2.716129,1.0,5584.87,188200.0,924000.0,0.346608,7514.740234,24643.019531,4.15,98.989998,95.74,29.49,5158.700195,5.0
2026-03-13,2.73871,1.0,5487.24,183500.0,910000.0,0.338255,7646.640137,24380.730469,4.28,100.360001,103.23,27.190001,5061.700195,5.0
2026-03-20,2.76129,1.0,5781.2,199400.0,1007000.0,0.36624,7670.609863,23898.150391,4.39,99.650002,118.42,26.780001,4574.899902,5.0
2026-03-27,2.783871,1.0,5438.87,180100.0,933000.0,0.338092,7457.669922,23132.769531,4.44,100.150002,121.47,31.049999,4492.5,5.0
2026-04-03,2.8,1.0,5377.3,186200.0,876000.0,0.336005,7833.390137,24045.529297,4.35,100.029999,127.61,23.870001,4679.700195,5.0
2026-04-10,2.8,1.0,5858.87,206000.0,1027000.0,0.375478,8889.830078,25116.339844,4.31,98.650002,119.07,19.23,4787.399902,5.0
2026-04-17,2.8,1.0,6191.92,216000.0,1128000.0,0.399954,9555.879883,26672.429688,4.26,98.099998,98.63,17.48,4879.600098,5.0
2026-04-24,2.8,1.0,6475.63,219500.0,1222000.0,0.416056,10513.660156,27303.669922,4.31,98.510002,111.86,18.709999,4740.899902,5.0
2026-05-01,2.8,1.0,6598.87,220500.0,1286000.0,0.424296,10595.339844,27710.359375,4.39,98.209999,118.26,16.99,4644.5,5.0
2026-05-08,2.777419,1.0,7498.0,268500.0,1686000.0,0.524491,11775.5,29234.990234,4.38,97.839996,103.48,17.190001,4730.700195,5.0
2026-05-15,2.754839,1.0,7493.18,270500.0,1819000.0,0.543112,11588.459961,29125.199219,4.59,99.269997,113.96,18.43,4561.899902,5.0
2026-05-22,2.732258,1.0,7847.71,292500.0,1941000.0,0.577556,12202.540039,29481.640625,4.56,99.32,106.9,16.700001,4523.200195,5.0
2026-05-29,2.709677,1.0,8476.15,317000.0,2333000.0,0.654381,12829.379883,30333.179688,4.45,98.910004,92.88,15.32,4593.0,5.0
2026-06-05,2.713333,1.0,8160.59,329000.0,2070000.0,0.631076,12220.759766,28957.599609,4.55,100.07,97.29,21.51,4365.299805,5.0
2026-06-12,2.736667,1.0,8123.62,322500.0,2150000.0,0.630407,13371.469727,29635.949219,4.48,99.75,88.64,17.68,4238.799805,5.0
2026-06-19,2.76,1.0,9052.42,354000.0,2764000.0,0.738229,14341.780273,30406.189453,4.46,100.849998,80.46,16.4,4245.899902,5.0
2026-06-26,2.783333,1.0,8411.21,339500.0,2673000.0,0.704987,13203.570312,29118.240234,4.38,101.360001,70.16,18.41,4096.299805,5.0
2026-07-03,2.8,1.0,8088.34,309500.0,2425000.0,0.64702,12626.219727,29329.210938,4.49,100.860001,68.68,16.15,4125.700195,5.0
2026-07-10,,,7475.94,285000.0,2180000.0,0.589782,12967.160156,29825.109375,4.56,100.970001,74.34,15.03,4113.700195,5.0
2026-07-17,,,6820.6,255000.0,1842000.0,0.517683,11673.889648,28592.660156,4.55,100.75,85.01,18.77,4018.800049,5.0
2026-07-24,,,6690.62,249500.0,1759000.0,0.501963,11818.879883,28128.339844,4.69,101.470001,100.31,18.58,4070.800049,5.0
2026-07-31,,,6595.45,262500.0,1718000.0,0.508972,11311.080078,28274.199219,4.75,99.800003,96.95,15.99,4107.0,5.0
2026-08-07,,,6258.77,231000.0,1422000.0,0.443451,12356.790039,29722.300781,4.65,99.599998,87.62,14.9,4399.700195,5.0
2026-08-14,,,6977.94,274500.0,1645000.0,0.516192,12417.049805,30046.140625,4.68,99.669998,92.02,14.25,4437.299805,5.0
2026-08-21,,,6912.95,281500.0,1730000.0,0.531268,11740.370117,29308.859375,4.74,98.800003,96.92,15.13,4680.600098,5.0
2026-08-28,,,6788.88,257000.0,1653000.0,0.497591,11469.660156,29433.429688,4.73,99.699997,89.75,14.43,4529.899902,5.0
2026-09-04,,,6687.21,255500.0,1647000.0,0.494058,11735.259766,29544.150391,4.78,99.160004,102.24,14.53,4476.600098,5.0
2026-09-11,,,6909.91,259500.0,1812000.0,0.518131,11824.0,29368.439453,4.96,99.120003,109.51,15.84,4408.899902,5.0
2026-09-18,,,6627.26,248500.0,1690000.0,0.491885,11214.748047,28983.625,,99.578003,,17.51,4324.799805,5.0
